1,Michale,mcreeber0@hhs.gov,21
2,Osborne,odorkin1@hostgator.com,41
3,Humberto,hskeemor2@a8.net,20
4,Vincents,vmantrup3@rediff.com,23
5,Leontine,lrhead4@redcross.org,12
6,Bethany,bharry5@sciencedirect.com,31
7,Gretna,gserot6@china.com.cn,31
8,Iona,irubinsaft7@mac.com,16
9,Mathe,msuston8@altervista.org,14
10,Obed,orapsey9@fastcompany.com,31
11,Garrott,gmckinna@miibeian.gov.cn,32
12,Obidiah,obeasleighb@imdb.com,18
13,Brig,bshellshearc@blog.com,23
14,Dwight,dpenberthyd@wordpress.com,24
15,Ely,eministere@walmart.com,18
16,Katerina,kswinf@wufoo.com,31
17,Curr,chrishchenkog@gov.uk,32
18,Vonni,vquinellh@google.it,16
19,Erl,econklini@economist.com,23
20,Dilly,dvealej@constantcontact.com,16
21,Allyn,aplaitk@harvard.edu,22
22,Sari,szebedeel@prweb.com,13
23,Obadias,oogbournem@ycombinator.com,38
24,Andrej,amacgowingn@hao123.com,30
25,Jada,jthurnero@cbsnews.com,22
26,Tess,tshillitop@amazonaws.com,21
27,Kele,krilstonq@google.co.jp,19
28,Vikky,vstuttr@mac.com,13
29,Micheal,mfagans@opera.com,17
30,Beaufort,bswanet@instagram.com,26
31,Alphonso,atitterrellu@dmoz.org,34
32,Donetta,dhildrewv@ucsd.edu,21
33,Cymbre,cbrabinw@aboutads.info,22
34,Lilah,lscotterx@ucla.edu,31
35,Staci,slemmertzy@ycombinator.com,20
36,Denys,dastz@webeden.co.uk,23
37,Beryle,beslie10@bizjournals.com,22
38,Avery,aalennikov11@ehow.com,27
39,Barrett,bnapolione12@miitbeian.gov.cn,32
40,Theodor,tscougall13@cbsnews.com,14
41,Shawn,svearncomb14@icio.us,22
42,Bran,bpaddick15@gov.uk,19
43,Arleen,ahaily16@soup.io,33
44,Clem,ctoner17@nih.gov,16
45,Wayne,wmealand18@godaddy.com,17
46,Fabian,fmarjot19@usa.gov,26
47,Rosina,rbrothers1a@pagesperso-orange.fr,29
48,Hasty,hclout1b@blogger.com,28
49,Chancey,cwearing1c@slashdot.org,32
50,Josi,jnapier1d@drupal.org,28
51,Petr,pmouse1e@wunderground.com,29
52,Sheilakathryn,smaginn1f@sitemeter.com,26
53,Nikolaus,nhanes1g@goodreads.com,24
54,Jere,jrotherham1h@reverbnation.com,29
55,Read,rstangel1i@1und1.de,32
56,Sybil,sbonfield1j@ed.gov,26
57,Roanna,rchisman1k@myspace.com,19
58,Aldon,aedinburgh1l@goo.gl,24
59,Whitney,wfardy1m@drupal.org,14
60,Derward,dsquibb1n@techcrunch.com,31
61,Kirsteni,kdesouza1o@is.gd,27
62,Tammy,tmylechreest1p@businessweek.com,17
63,Jeffry,jjanous1q@economist.com,25
64,Clementine,cbuckerfield1r@1688.com,26
65,Veradis,vtimmes1s@gizmodo.com,19
66,Bebe,bbaelde1t@imdb.com,30
67,Talia,theales1u@cdc.gov,17
68,Jana,jcoombs1v@paypal.com,23
69,Annabel,aallmen1w@paginegialle.it,68
70,Meade,mrivaland1x@free.fr,26
71,Joli,jlundy1y@mtv.com,13
72,Dallis,dberendsen1z@themeforest.net,25
73,Worthington,whillum20@bbb.org,30
74,Frazer,fpierrepont21@t.co,13
75,Brenn,btenney22@squarespace.com,15
76,Seward,sfleming23@apache.org,40
77,Esteban,ericciardiello24@networkadvertising.org,28
78,Dianne,dnaisey25@people.com.cn,27
79,Derk,dcrapper26@washington.edu,25
80,Lucky,llethibridge27@apache.org,26
81,Marylou,mible28@cmu.edu,19
82,Augustus,aclemonts29@goodreads.com,28
83,Foss,fbasnett2a@nsw.gov.au,28
84,Frank,fdammarell2b@nih.gov,24
85,Emmett,eearney2c@nba.com,17
86,Adelind,aalexandre2d@symantec.com,20
87,Barny,bbrownscombe2e@usatoday.com,14
88,Seana,spenbarthy2f@marketwatch.com,17
89,Solly,sspurier2g@sohu.com,31
90,Fredrick,fknath2h@usnews.com,16
91,Courtney,cmeadows2i@sciencedaily.com,30
92,Gusty,gtrayes2j@example.com,16
93,Wilden,wprince2k@europa.eu,13
94,Laverna,lmacconnal2l@oaic.gov.au,38
95,Dorris,ddillimore2m@oakley.com,14
96,Benni,bespie2n@networkadvertising.org,17
97,Walker,wvowdon2o@storify.com,20
98,Anatole,agartrell2p@scientificamerican.com,16
99,Tristam,tforson2q@cnn.com,27
100,Jemimah,jiseton2r@webs.com,17
101,Lotte,lbenet2s@apache.org,14
102,Jonis,jfluger2t@hugedomains.com,30
103,Arie,adowzell2u@ucoz.ru,23
104,Tim,tsmaling2v@t.co,60
105,Cristobal,chiscoke2w@psu.edu,14
106,Aida,abakster2x@mit.edu,17
107,Thatcher,tbuckthought2y@sciencedirect.com,17
108,Correy,caspell2z@devhub.com,14
109,Gasper,gdunk30@macromedia.com,22
110,Britteny,bhazeup31@constantcontact.com,58
111,Mireielle,mdyers32@edublogs.org,16
112,Cristine,cmoehler33@mediafire.com,33
113,Suellen,sfrost34@opensource.org,32
114,Vinnie,vseddon35@smugmug.com,15
115,Brod,bcoleman36@chronoengine.com,38
116,Duncan,dwaldron37@buzzfeed.com,25
117,Cathe,cskidmore38@tinypic.com,13
118,Edik,emumbray39@hubpages.com,29
119,Rachel,rkilalea3a@archive.org,31
120,Ripley,rbaford3b@nasa.gov,22
121,King,khabbijam3c@nps.gov,30
122,Chelsy,cfrancioli3d@yellowpages.com,33
123,Ada,ahollebon3e@ucla.edu,59
124,Orson,omundall3f@e-recht24.de,21
125,Kat,kygo3g@gnu.org,29
126,Robinett,restcot3h@spotify.com,21
127,Jaquith,jlatch3i@simplemachines.org,15
128,Charlotte,cwark3j@posterous.com,31
129,Brook,bgeertje3k@acquirethisname.com,17
130,Pammy,plaugheran3l@booking.com,19
131,Henryetta,hbuesden3m@cocolog-nifty.com,24
132,Pavlov,ptonbye3n@dion.ne.jp,25
133,Tony,tmeasey3o@apple.com,21
134,Barry,buccello3p@meetup.com,19
135,Carolyne,cstyche3q@cdc.gov,21
136,Margette,mmatthew3r@sakura.ne.jp,22
137,Kristofor,kglowacki3s@oaic.gov.au,45
138,Angelika,arigardeau3t@goo.ne.jp,19
139,Gilberta,gboar3u@sbwire.com,28
140,Francis,fsimoni3v@who.int,32
141,Ludwig,ljanway3w@yale.edu,27
142,Cordy,clongea3x@privacy.gov.au,22
143,Nixie,ntewkesberrie3y@facebook.com,26
144,Vladimir,vgremane3z@businessweek.com,21
145,Percy,pdrepp40@shareasale.com,14
146,Reine,rcordy41@example.com,28
147,Dahlia,dfydo42@discovery.com,41
148,Al,avillar43@dell.com,13
149,Deloria,dhearse44@bloglovin.com,24
150,Dorey,dscoble45@goo.ne.jp,31
151,Kevina,kpalay46@latimes.com,17
152,Sol,sseyler47@etsy.com,21
153,Ellynn,emabbot48@state.tx.us,18
154,Lettie,lhelks49@tumblr.com,16
155,Lib,lstebbings4a@google.ca,36
156,Eal,egreenard4b@topsy.com,39
157,Oralee,oentwhistle4c@oracle.com,25
158,Federico,flatehouse4d@npr.org,23
159,Vonnie,vblazek4e@theatlantic.com,20
160,Jethro,jparriss4f@shareasale.com,18
161,Xylia,xteesdale4g@engadget.com,24
162,Seka,sbiddle4h@nih.gov,40
163,Jo-ann,jfilchagin4i@senate.gov,17
164,Shell,sstrathman4j@yandex.ru,13
165,Leodora,lcowoppe4k@ed.gov,14
166,Betty,bwandrach4l@elpais.com,28
167,Tabbitha,thadcroft4m@wunderground.com,19
168,Debi,ddutnall4n@dedecms.com,32
169,Carrol,cbaudouin4o@squidoo.com,31
170,Percy,pseckington4p@livejournal.com,42
171,Broddie,bhamel4q@people.com.cn,15
172,Arabele,aharry4r@washington.edu,13
173,Mellicent,mkerbey4s@seesaa.net,30
174,Reinald,rhegdonne4t@friendfeed.com,15
175,Ada,acaldroni4u@unesco.org,16
176,Killie,kwallege4v@google.ru,32
177,Lenna,lcollingridge4w@omniture.com,41
178,Cale,cwikey4x@lycos.com,21
179,Vitia,vaburrow4y@berkeley.edu,13
180,Dacy,dtripney4z@facebook.com,19
181,Curtice,cantal50@delicious.com,29
182,Ginny,gdeeney51@nytimes.com,27
183,Ade,akleehuhler52@cam.ac.uk,17
184,Cheryl,cfairbard53@redcross.org,18
185,Carolin,cbickley54@1688.com,26
186,Robby,rbampkin55@macromedia.com,30
187,Pennie,pcomar56@bbc.co.uk,13
188,Howard,hsully57@usgs.gov,37
189,Sampson,sreeks58@state.gov,18
190,Melosa,milden59@oracle.com,34
191,Channa,cshurmore5a@shutterfly.com,14
192,Bari,bmcauley5b@wired.com,27
193,Letti,lkops5c@bandcamp.com,33
194,Pet,phearne5d@dmoz.org,24
195,Brigg,bsievewright5e@dell.com,24
196,Dotty,dcoatts5f@youtube.com,18
197,Natty,nmoresby5g@last.fm,19
198,Rosabella,rgherardi5h@lulu.com,45
199,Luise,lpaute5i@wikispaces.com,27
200,Leoine,lwinger5j@hud.gov,23
201,Stacia,stieraney5k@csmonitor.com,31
202,Gav,gstait5l@spiegel.de,55
203,Martelle,msommerling5m@earthlink.net,15
204,Korey,kbickerstasse5n@sbwire.com,67
205,Parsifal,phurn5o@wix.com,25
206,Forbes,ffairburn5p@blogspot.com,25
207,Immanuel,ipegram5q@tiny.cc,52
208,Ivie,idanes5r@discovery.com,26
209,Kerrie,kbiset5s@cmu.edu,18
210,Cherye,chancock5t@goo.ne.jp,39
211,Ernest,epiercey5u@wp.com,24
212,Cheryl,cbolan5v@lulu.com,29
213,Melli,mtregien5w@google.de,30
214,Terri,tdacre5x@dailymotion.com,22
215,Way,wwiggam5y@imageshack.us,22
216,Audrey,acircuit5z@digg.com,18
217,Joni,jraynard60@blogger.com,25
218,Titos,tmyhan61@wikia.com,36
219,Christabel,ccankett62@fotki.com,14
220,Dwayne,dsimkovitz63@slashdot.org,20
221,Oriana,obradnock64@linkedin.com,25
222,Wynn,wpietraszek65@dot.gov,15
223,Brok,bclewlow66@ox.ac.uk,20
224,Fremont,fschubbert67@columbia.edu,31
225,Trisha,tpilmore68@tripod.com,21
226,Bev,bceyssen69@wired.com,32
227,Oby,odeverson6a@trellian.com,33
228,Frederico,fdorricott6b@parallels.com,68
229,Eugenio,ezecchinii6c@weibo.com,16
230,Truman,tharefoot6d@blogspot.com,17
231,Stan,sfassbindler6e@answers.com,15
232,Barbabas,bwombwell6f@yahoo.com,22
233,Salomon,sthow6g@de.vu,34
234,Linn,lbatchellor6h@csmonitor.com,22
235,Emanuel,esparks6i@amazonaws.com,40
236,Kerry,kjiles6j@smugmug.com,14
237,Therine,tdowsey6k@cnet.com,34
238,Marcille,mswaby6l@dropbox.com,31
239,Shelbi,smacneill6m@furl.net,26
240,Griswold,gpanyer6n@google.pl,19
241,Harlin,htilio6o@nyu.edu,41
242,Julissa,jlebrun6p@google.co.jp,22
243,Dun,dgrahamslaw6q@guardian.co.uk,13
244,Weidar,wroscoe6r@sakura.ne.jp,33
245,Cody,cdumphry6s@chicagotribune.com,41
246,Granthem,givakhno6t@wired.com,27
247,Clarice,cfoldes6u@is.gd,31
248,Viva,vpovall6v@themeforest.net,13
249,Ambur,afurmagier6w@apple.com,17
250,Verge,vmorales6x@smugmug.com,39
251,Kerwin,kschriren6y@nbcnews.com,32
252,Callean,cjozwik6z@youku.com,33
253,Hobey,hdeerr70@sciencedaily.com,30
254,Cristal,crockwell71@is.gd,31
255,Gilberto,gmellings72@google.ca,15
256,Hermione,hmacklam73@mozilla.org,20
257,Berta,bcleaton74@tripadvisor.com,30
258,Jock,jkleinert75@amazonaws.com,32
259,Augy,amckern76@altervista.org,13
260,Ceil,ccoady77@mapy.cz,14
261,Brandi,bobee78@cocolog-nifty.com,21
262,Georgie,gjobern79@apple.com,33
263,Maddi,mpoolton7a@list-manage.com,33
264,Pincus,pcorton7b@myspace.com,17
265,Griz,gkneal7c@miibeian.gov.cn,21
266,Tildy,tgrimsey7d@ucsd.edu,38
267,Merv,mrooke7e@columbia.edu,32
268,Charlotta,chugin7f@opensource.org,12
269,Haley,hganiclef7g@samsung.com,17
270,Michell,mhedderly7h@jigsy.com,31
271,Denna,dmuxworthy7i@theatlantic.com,19
272,Karlotte,kpedrollo7j@samsung.com,19
273,Merridie,mrands7k@lulu.com,21
274,Daphene,dcromarty7l@furl.net,14
275,Lem,lcortez7m@yahoo.com,16
276,Almeta,aspurdon7n@domainmarket.com,19
277,Phoebe,pmcwilliam7o@delicious.com,33
278,Brear,bdesporte7p@house.gov,20
279,Gare,galejandre7q@odnoklassniki.ru,13
280,Ianthe,iarendsen7r@mtv.com,37
281,Lucias,lclelland7s@clickbank.net,25
282,Jazmin,jwillets7t@ca.gov,17
283,Fransisco,flyosik7u@networksolutions.com,32
284,Creighton,cbarron7v@springer.com,31
285,Elissa,eriddler7w@photobucket.com,14
286,Idalina,idefries7x@gmpg.org,23
287,Paloma,pbrooking7y@blogtalkradio.com,39
288,Dallis,dskipping7z@jigsy.com,32
289,Pearla,pgrewer80@japanpost.jp,17
290,Zia,zscoggin81@microsoft.com,23
291,Penn,pstilling82@nydailynews.com,15
292,Hinze,hmccolley83@topsy.com,20
293,Raffarty,rdils84@delicious.com,31
294,Shawn,soclery85@livejournal.com,31
295,Astra,atayt86@artisteer.com,43
296,Geordie,gmiltonwhite87@cisco.com,26
297,Fee,flukehurst88@delicious.com,53
298,Georgi,goconcannon89@ezinearticles.com,58
299,Lonny,lbardwell8a@google.com.au,33
300,Darryl,dmalden8b@google.fr,20
301,Erv,emaggiori8c@biglobe.ne.jp,35
302,Whit,wschukert8d@msu.edu,30
303,Goldarina,gdencs8e@irs.gov,32
304,Kass,kclarke8f@vinaora.com,17
305,Juieta,jnuscha8g@adobe.com,24
306,Noreen,nsmallbone8h@wiley.com,23
307,Dahlia,dgosby8i@technorati.com,17
308,Delora,doffill8j@intel.com,17
309,Tadio,tpischof8k@people.com.cn,20
310,Enoch,ebeldam8l@prlog.org,20
311,Everard,etiddy8m@amazon.co.jp,35
312,Jude,jtrimbey8n@wunderground.com,30
313,Elisha,esiely8o@gmpg.org,19
314,Jillane,jpolgreen8p@cdc.gov,19
315,Arch,acapnerhurst8q@elegantthemes.com,15
316,Thia,tdixey8r@go.com,40
317,Cristabel,csteere8s@constantcontact.com,23
318,Sherrie,spetric8t@free.fr,26
319,Tilly,tveck8u@irs.gov,24
320,Ferris,fechallie8v@miibeian.gov.cn,15
321,Corly,cbilney8w@nih.gov,31
322,Marlowe,mmcginley8x@vinaora.com,28
323,Lucky,lbruin8y@webs.com,18
324,Pauli,pcoyte8z@ed.gov,40
325,Sorcha,sjackson90@studiopress.com,15
326,Bud,bheald91@dedecms.com,29
327,Evangelin,eweatherall92@wordpress.org,30
328,Susi,smuris93@mapy.cz,18
329,Stinky,sbastiman94@mashable.com,19
330,Quincey,qwildor95@chicagotribune.com,59
331,Cary,cdumbar96@goodreads.com,32
332,Raff,raymer97@tinypic.com,30
333,Arnaldo,amachans98@youtu.be,15
334,Bibbye,binnes99@bloglovin.com,34
335,Royall,rpearne9a@blog.com,29
336,Irvine,iensor9b@blog.com,40
337,Ina,ipitkeathley9c@bigcartel.com,14
338,Brear,bgolt9d@cnn.com,20
339,Mariana,mcockings9e@cdc.gov,16
340,Dusty,dlittlemore9f@hubpages.com,27
341,Mariam,mbradneck9g@dell.com,29
342,Stephine,sbedham9h@techcrunch.com,30
343,Francis,fshane9i@vk.com,12
344,Efrem,elamminam9j@about.me,23
345,Anstice,astleger9k@tumblr.com,21
346,Steffi,sjagielski9l@cdbaby.com,13
347,Cordie,ccoxall9m@google.de,37
348,Inger,ibarkway9n@yandex.ru,40
349,Ardra,afreathy9o@zdnet.com,39
350,Edna,ematthieson9p@soup.io,27
351,Blane,bdomonkos9q@baidu.com,32
352,Blondy,btebbe9r@netvibes.com,29
353,Eugene,eradke9s@cdc.gov,41
354,Fayette,feykelhof9t@ox.ac.uk,16
355,Adrian,alacroce9u@tumblr.com,20
356,Lloyd,ldarracott9v@photobucket.com,15
357,Corilla,cgrier9w@nytimes.com,19
358,Hadria,hannon9x@skyrock.com,22
359,Meagan,moneal9y@marketwatch.com,30
360,Grace,gfleet9z@webeden.co.uk,28
361,Annalee,awilmana0@scribd.com,14
362,Marlo,mgumma1@ca.gov,15
363,Gabe,gberstona2@oracle.com,30
364,Vittorio,vwabea3@ifeng.com,16
365,Torry,tsandifera4@sitemeter.com,27
366,Nate,nganiforda5@sciencedaily.com,18
367,Bailie,bjanninga6@yale.edu,19
368,Gabbi,glodgea7@wikia.com,14
369,Morlee,mjessa8@cbsnews.com,18
370,Paulina,pduiguida9@jimdo.com,37
371,Linoel,lheartfieldaa@rediff.com,23
372,Kiley,kzamorranoab@quantcast.com,23
373,Alastair,aworviellac@desdev.cn,39
374,Karlen,kwhorallad@infoseek.co.jp,22
375,Jocelin,jparradiceae@geocities.jp,24
376,Whitaker,wmatzkeaf@spotify.com,15
377,Lanette,lsterlandag@google.ca,22
378,Lavinie,lcelesah@yelp.com,15
379,Wilhelmine,wgeorgescuai@wikia.com,50
380,Lelah,lwardropaj@amazon.co.uk,15
381,Belita,bbishellak@netvibes.com,22
382,Bebe,bsycamoreal@wikia.com,32
383,Casper,cbamborougham@geocities.jp,13
384,Nollie,ncaenan@jugem.jp,23
385,Boote,bpankethmanao@cyberchimps.com,17
386,Carl,cshillanap@cbslocal.com,29
387,Kristofor,kocurriganaq@shop-pro.jp,31
388,Phedra,pliffar@foxnews.com,33
389,Caria,cdallanas@reference.com,26
390,Elaina,ecorishat@hubpages.com,33
391,Eulalie,eaguirreau@sciencedirect.com,42
392,Joseito,jsowerbyav@ca.gov,22
393,Mercy,mmearsaw@networkadvertising.org,25
394,Rhianna,rsnazleax@yolasite.com,24
395,Tamma,tkillockay@soundcloud.com,30
396,Dona,dalishoneraz@jalbum.net,14
397,Sergeant,scornierb0@timesonline.co.uk,17
398,Sara,sastonb1@bloomberg.com,31
399,Shaylynn,smcgarahanb2@t.co,22
400,Martina,mwozencraftb3@gnu.org,26
401,Stafford,sdefraineb4@dell.com,40
402,Eb,eharwellb5@merriam-webster.com,29
403,Pasquale,pfeedhamb6@nifty.com,29
404,Ody,oparamoreb7@narod.ru,13
405,Mile,mcellierb8@4shared.com,23
406,Westleigh,wranceb9@springer.com,25
407,Pedro,pfrearsonba@rediff.com,33
408,Reed,rbullmanbb@yolasite.com,21
409,Reagen,rcrambiebc@sitemeter.com,36
410,Zorana,zblackburnbd@opensource.org,17
411,Burnaby,bshapirobe@youtu.be,16
412,Leola,lionsbf@businessinsider.com,29
413,Hart,hmabbbg@edublogs.org,14
414,Adella,aseniourbh@joomla.org,14
415,Revkah,rfouchbi@yahoo.co.jp,19
416,Bekki,bmilnebj@umich.edu,15
417,Son,sbellonbk@privacy.gov.au,30
418,Marvin,mmcneelybl@google.es,13
419,Tawnya,tamberbm@ovh.net,16
420,Shandy,sbedellbn@berkeley.edu,18
421,Kathryne,kcaslettbo@comsenz.com,16
422,Andras,afeastbp@prlog.org,22
423,Brigham,bmatuskabq@last.fm,33
424,Dimitry,dburgenbr@xing.com,13
425,Rebbecca,ryakobbs@nydailynews.com,32
426,Jorey,jgareisrbt@google.es,14
427,Trula,tphizackarleybu@flavors.me,15
428,Constantino,carmourbv@last.fm,26
429,Rudolf,rbalwinbw@webeden.co.uk,22
430,Jodee,jjerrardbx@parallels.com,13
431,Rania,rrockcliffeby@dmoz.org,26
432,Aundrea,akimmerlingbz@state.gov,31
433,Gareth,gopferc0@a8.net,39
434,Daffi,dzeplinc1@reddit.com,13
435,Catrina,colivetic2@furl.net,32
436,Jasmin,jstockportc3@washington.edu,26
437,Marian,mzorzinc4@aol.com,30
438,Leena,lmathiassenc5@accuweather.com,26
439,Devi,dduigedc6@wired.com,35
440,Daffi,dquinseec7@va.gov,20
441,Cale,cfellmanc8@indiatimes.com,60
442,Hirsch,hbrassec9@booking.com,17
443,Kathryne,kmelmothca@4shared.com,15
444,Christin,ccarlecb@boston.com,31
445,Goraud,grubinowcc@chicagotribune.com,23
446,Cullan,crickesiescd@miitbeian.gov.cn,22
447,Barbra,bmaccrawce@shareasale.com,35
448,Carlynne,caldwickcf@wired.com,34
449,Susette,schamcg@google.com.br,13
450,Kariotta,kreubench@geocities.jp,17
451,Xever,xelfleetci@simplemachines.org,23
452,Elvina,ephilippeauxcj@nifty.com,22
453,Friedrick,fdufaurck@usatoday.com,34
454,Phillida,pchristopherscl@bluehost.com,18
455,Neysa,nbremnercm@businessweek.com,36
456,Doroteya,dbaythropcn@google.ca,16
457,Jdavie,jsummerleyco@archive.org,20
458,Inger,imoancp@last.fm,16
459,Vite,vbrecknallcq@deliciousdays.com,38
460,Wenda,wlaugherancr@illinois.edu,36
461,Faina,fmichelmorecs@harvard.edu,22
462,Gustaf,ggodsonct@i2i.jp,36
463,Pearce,pspellercu@fastcompany.com,25
464,Eal,ewinterburncv@bloomberg.com,37
465,Rosette,rblakesleecw@jigsy.com,40
466,Georgianna,gclarkcx@hatena.ne.jp,30
467,Josefa,jkleinbercy@senate.gov,22
468,Brannon,bdursleycz@github.com,15
469,Cate,cministerd0@newsvine.com,13
470,Agustin,arandelld1@globo.com,24
471,Amargo,astoditd2@cargocollective.com,28
472,Patton,paloshikind3@cloudflare.com,23
473,Dorena,dmixtured4@hhs.gov,24
474,Timofei,tfrantzend5@wp.com,33
475,Brier,bgermand6@cbc.ca,35
476,Amabelle,ahallattd7@arstechnica.com,13
477,Haroun,hkohlertd8@sogou.com,22
478,Rolph,rtutselld9@creativecommons.org,20
479,Teirtza,tshevillda@networkadvertising.org,19
480,Thom,thoodspethdb@kickstarter.com,22
481,Kinny,kbeaumontdc@constantcontact.com,20
482,Oralla,oleestutdd@illinois.edu,19
483,Kristos,kmattussevichde@home.pl,24
484,Karen,kdasdf@github.io,24
485,Borden,btatlowdg@tuttocitta.it,18
486,Pepi,pwaddoupsdh@taobao.com,30
487,Ellerey,ejohnstondi@webs.com,40
488,Randell,rbakewelldj@buzzfeed.com,16
489,Read,rbythwaydk@shop-pro.jp,16
490,Hilliary,hnutleydl@reverbnation.com,12
491,Bran,btripedm@msn.com,28
492,Urbano,ufedynskidn@ihg.com,24
493,Deny,dmegarrydo@pcworld.com,37
494,Ellswerth,efilipicdp@state.gov,27
495,Ebenezer,eradindq@intel.com,18
496,Rebbecca,rtemprelldr@pinterest.com,23
497,Edgardo,eewebankds@nasa.gov,19
498,Haven,hdunsiredt@bing.com,18
499,Walsh,wfaircliffdu@dion.ne.jp,15
500,Rosalynd,rjirickdv@comcast.net,27
501,Reena,ralbertidw@feedburner.com,14
502,Spike,sclinchdx@mail.ru,33
503,Garner,gsierdy@mediafire.com,26
504,Zaneta,zdaddsdz@vimeo.com,37
505,Francois,freignarde0@istockphoto.com,25
506,Montgomery,mgreenleafe1@google.ca,18
507,Carlotta,cblaskette2@goodreads.com,23
508,Zeke,zrohlfse3@who.int,38
509,Phil,pwallere4@pbs.org,16
510,Rock,rblydee5@utexas.edu,31
511,Shell,skapelhofe6@chicagotribune.com,29
512,Almeta,agildersleavese7@clickbank.net,33
513,Haven,hferrelie8@slashdot.org,19
514,Jasper,jimose9@blinklist.com,17
515,Alex,apomfrettea@1und1.de,16
516,Maddie,mrichardeteb@canalblog.com,31
517,Adrien,amogenotec@1und1.de,21
518,Garfield,gsheircliffeed@dyndns.org,23
519,Letitia,lruffeyee@archive.org,16
520,Gay,gmacqueenef@redcross.org,17
521,Bryant,bcolleyeg@furl.net,18
522,Sherry,selbyeh@pbs.org,25
523,Ivy,ibathoeei@ebay.com,23
524,Tish,tcallardej@amazon.com,64
525,Vitoria,vmarlerek@elegantthemes.com,23
526,Torrin,tpeaurtel@booking.com,13
527,Jillene,jsiberryem@google.com.au,19
528,Tome,tsebrensen@buzzfeed.com,18
529,Blancha,bghioeo@earthlink.net,30
530,Jeannette,jborchardtep@nasa.gov,21
531,Meghann,mkoppeseq@ucoz.ru,33
532,Norean,nparsander@wikispaces.com,25
533,Spense,svallantinees@umich.edu,14
534,Geordie,ghuntingtonet@newsvine.com,13
535,Riannon,rdenisovoeu@zimbio.com,56
536,Elnore,ekovalskiev@indiatimes.com,19
537,Berna,ballsuppew@seattletimes.com,34
538,Leann,lheinssenex@tumblr.com,17
539,Sheelagh,speekey@stanford.edu,60
540,Chet,cfownesez@fda.gov,25
541,Berta,bseggief0@bandcamp.com,33
542,Mada,mshimwallf1@shinystat.com,18
543,Robinson,rreamsf2@rakuten.co.jp,15
544,Randolf,rshalloef3@163.com,30
545,Ceciley,cblakedenf4@flavors.me,26
546,Scotty,samissf5@networkadvertising.org,21
547,Fonzie,fciobotarof6@constantcontact.com,33
548,Alix,adjekovicf7@ehow.com,16
549,Neall,nberringtonf8@nyu.edu,16
550,Rriocard,rborlesf9@163.com,14
551,Reece,rdowthwaitefa@bloglines.com,35
552,Antonie,apilcherfb@jugem.jp,17
553,Hamil,hrodbournefc@phpbb.com,15
554,Garth,gsprowellfd@networksolutions.com,35
555,Kathlin,kdonahofe@skyrock.com,24
556,Austina,afullff@etsy.com,29
557,Ronnie,rmurrthumfg@geocities.jp,18
558,Thayne,toruddenfh@vinaora.com,24
559,Diahann,dcavetfi@diigo.com,20
560,Troy,tguesfordfj@last.fm,27
561,Zachary,zarchibouldfk@independent.co.uk,27
562,Janifer,jdennissfl@hibu.com,22
563,Letty,luttermarefm@indiatimes.com,17
564,Todd,tgallantfn@sun.com,35
565,Wini,wewensonfo@chronoengine.com,20
566,Salaidh,ssileyfp@about.com,15
567,Bab,bpidduckfq@is.gd,22
568,Farley,fgilvaryfr@examiner.com,23
569,Hamlin,hsecrettfs@va.gov,27
570,Morgana,mscardifieldft@vkontakte.ru,32
571,Nicoline,nbarenskiefu@purevolume.com,29
572,Gus,ggippsfv@nsw.gov.au,20
573,Fern,fcaylefw@simplemachines.org,32
574,Greg,gcampofx@nbcnews.com,22
575,Crawford,coreaganfy@nba.com,20
576,Madonna,mscipseyfz@xinhuanet.com,14
577,Genevieve,glaing0@arizona.edu,33
578,Kellia,kpitkeathlyg1@businessweek.com,26
579,Nicky,nmapesg2@themeforest.net,17
580,Idaline,ipelzg3@ow.ly,16
581,Isidor,isawfordg4@xrea.com,13
582,Karole,krodderg5@hatena.ne.jp,14
583,Albertine,aboycottg6@rakuten.co.jp,23
584,Adams,apondg7@bbb.org,30
585,Davon,dbartellig8@house.gov,19
586,Madelena,mscneiderg9@narod.ru,22
587,Celestina,cconnuega@printfriendly.com,23
588,Abie,alongshawgb@symantec.com,25
589,Ingrid,ivanyardgc@delicious.com,16
590,Deena,dnuttygd@omniture.com,33
591,Konstanze,kfattorinige@parallels.com,29
592,Cheri,claisegf@amazonaws.com,17
593,Doralyn,dklimochkingg@oakley.com,29
594,Rolfe,rgeachgh@bigcartel.com,35
595,Sheridan,sclarksongi@lycos.com,22
596,Ricard,rmarkwellgj@craigslist.org,19
597,Vevay,vcadellgk@bravesites.com,40
598,Corene,cbroygl@behance.net,31
599,Trevar,tclossgm@devhub.com,38
600,Marchall,mpannergn@google.ru,18
601,Carr,cpedraccigo@blogspot.com,16
602,Arthur,averngp@cloudflare.com,28
603,Tiertza,tbrazurgq@amazon.de,14
604,Toby,twesleygr@creativecommons.org,17
605,Wilmette,wstruijsgs@alibaba.com,13
606,Brennen,bcawkwellgt@cafepress.com,30
607,Lanny,lrunchmangu@blinklist.com,30
608,Tabbatha,tboyngv@springer.com,35
609,Mercedes,mduncansongw@ucsd.edu,32
610,Mechelle,mfusseygx@nature.com,14
611,Bobbie,blesurfgy@gnu.org,18
612,Ailis,adimeloegz@example.com,38
613,Kara-lynn,khearnahh0@comsenz.com,38
614,Daveta,dpawelczykh1@myspace.com,17
615,Germain,gblampyh2@yellowpages.com,14
616,Mellisa,mdath3@pagesperso-orange.fr,31
617,Kleon,kkinkeadh4@sphinn.com,27
618,Lesli,lgiacomazzoh5@amazon.co.uk,14
619,Arvy,aduckerh6@kickstarter.com,13
620,Albrecht,awoollandh7@example.com,21
621,Allegra,agantzh8@clickbank.net,36
622,Cyrus,cgreensmithh9@constantcontact.com,21
623,Nanny,nollerhadha@cbc.ca,30
624,Belva,bbeazerhb@ameblo.jp,23
625,Felicdad,fburnsideshc@house.gov,17
626,Theo,tpolinohd@mashable.com,32
627,Raynell,rackershe@accuweather.com,33
628,Gerome,gmccookhf@people.com.cn,22
629,Terza,tkuschahg@msu.edu,15
630,Tate,tyellowleehh@tinyurl.com,25
631,Rowland,rdahlberghi@webs.com,22
632,Tate,tgommeshj@cpanel.net,28
633,Myrta,msyphashk@chicagotribune.com,23
634,Virgie,vbrundlehl@smh.com.au,16
635,Arny,astpaulhm@businessweek.com,17
636,Raff,rhopferhn@china.com.cn,14
637,Amie,arainbowho@apache.org,19
638,Regan,rhaysmanhp@weebly.com,33
639,Elladine,etrewinnardhq@nature.com,27
640,Jami,jnisbithhr@ezinearticles.com,15
641,Kassey,kminshullhs@sakura.ne.jp,16
642,Sollie,sgiovannacciht@tuttocitta.it,30
643,Lisette,lpeyzerhu@dedecms.com,18
644,Englebert,edeverillhv@ibm.com,35
645,Elysha,emckeighenhw@ed.gov,19
646,Donella,dghiohx@npr.org,15
647,Saundra,sdommetthy@ox.ac.uk,16
648,Zsazsa,zrichmonthz@gmpg.org,14
649,Dante,dpiersi0@microsoft.com,25
650,Correna,csculleyi1@reddit.com,26
651,Frankie,fplewesi2@unesco.org,31
652,Gay,gfayersi3@wix.com,37
653,Saunders,solleri4@statcounter.com,19
654,Pail,pstelfoxi5@ucoz.ru,30
655,Sharity,spooli6@nba.com,19
656,Margy,mbootymani7@army.mil,26
657,Uri,uwiddowsi8@nytimes.com,17
658,Morna,mpondjonesi9@networkadvertising.org,12
659,Frederick,floveguardia@who.int,24
660,Nicolina,nfrancaisib@msn.com,15
661,Sigfried,shurleyic@domainmarket.com,37
662,Emmet,ecranfieldid@eepurl.com,34
663,Katha,kdisneyie@digg.com,19
664,Tina,troyleif@zimbio.com,20
665,Yves,ytschierseig@miibeian.gov.cn,20
666,Siouxie,scoitih@chicagotribune.com,27
667,Merola,mkleinpeltzii@networksolutions.com,30
668,Mead,mbellisij@g.co,33
669,Britte,bsweatlandik@forbes.com,29
670,Ripley,rrigmondil@plala.or.jp,20
671,Hirsch,hloughranim@pinterest.com,27
672,Francyne,feclesin@wikimedia.org,22
673,George,gmcnellyio@auda.org.au,19
674,Ellette,ekeizmanip@webnode.com,21
675,Lari,ldunkiq@java.com,16
676,Karole,kheapeir@ezinearticles.com,30
677,Marge,maddessis@hatena.ne.jp,27
678,Townsend,tmilmoit@thetimes.co.uk,20
679,Patrick,pgrisedaleiu@unc.edu,14
680,Skell,sgrubbiv@unicef.org,23
681,Effie,edunniw@example.com,24
682,Mack,mleathartix@buzzfeed.com,18
683,Ruddie,rriccardoiy@jigsy.com,13
684,Carlita,cbarberaiz@vkontakte.ru,25
685,Bernie,bmacgaugheyj0@addthis.com,22
686,Devin,ddadgej1@sciencedaily.com,24
687,Clarine,chlavacj2@baidu.com,58
688,Margalit,mmurneyj3@cnn.com,18
689,Thornie,tholdj4@istockphoto.com,36
690,Mirabelle,mwellingtonj5@mit.edu,24
691,Norene,nlimprechtj6@biglobe.ne.jp,16
692,Pascal,prevettj7@amazon.co.jp,30
693,Kellia,kdrynanj8@marketwatch.com,25
694,Ashely,abloysj9@posterous.com,28
695,Rodolphe,rsuffieldja@disqus.com,21
696,Staci,sbaughamjb@networkadvertising.org,16
697,Loella,lellitjc@house.gov,31
698,Melina,mfumagalljd@addtoany.com,33
699,Pearline,pallnuttje@nyu.edu,31
700,Kelila,kwylltjf@home.pl,13
701,Laurice,lwisonjg@sciencedaily.com,17
702,Gerick,gdibiagijh@google.ru,17
703,Heddie,hwinkworthji@cam.ac.uk,28
704,Duke,dniccollsjj@cisco.com,19
705,Evelina,ebrimilcombejk@bravesites.com,30
706,Cart,crobertsonjl@twitter.com,13
707,Marge,mpeermanjm@opensource.org,21
708,Ainsley,ajollissjn@edublogs.org,35
709,Hatty,hstarbuckjo@mashable.com,16
710,Nady,nmasureljp@bizjournals.com,30
711,Isa,iallibonjq@geocities.jp,15
712,Ilene,iwisbyjr@canalblog.com,14
713,Brent,bgiacobinijs@businessinsider.com,22
714,Margaux,myglesiajt@businessinsider.com,24
715,Beverlee,bwinfindaleju@house.gov,19
716,Vonni,vrodliffjv@mozilla.org,33
717,Jenelle,jjermanjw@noaa.gov,25
718,Cam,cyurlovjx@wordpress.org,29
719,Henrik,hskiplornejy@webeden.co.uk,34
720,Timoteo,tknowlingjz@aboutads.info,19
721,Miguelita,mbeetk0@mozilla.com,15
722,Evered,ekierank1@usatoday.com,25
723,Pattie,pslatork2@chron.com,17
724,Lind,lgeldefordk3@seattletimes.com,26
725,Jannel,jpennyk4@devhub.com,31
726,Julianne,jtolputtk5@columbia.edu,22
727,Wayne,wcasirolik6@amazon.co.uk,18
728,Eleonore,elawlyk7@baidu.com,13
729,Midge,morvissk8@gizmodo.com,25
730,Rossie,rputtnamk9@cnn.com,39
731,Josias,jwhibleyka@toplist.cz,26
732,Pattie,pfaradaykb@google.fr,29
733,Andris,acuestakc@columbia.edu,36
734,Celinda,cnormandkd@over-blog.com,18
735,Gratia,gtwopennyke@cyberchimps.com,19
736,Alvira,atozerkf@timesonline.co.uk,16
737,Norris,nmeekekg@shinystat.com,26
738,Helen-elizabeth,hlathayekh@google.co.uk,19
739,Zebadiah,zrobartski@ebay.com,36
740,Drusie,dpelcheurkj@businessinsider.com,23
741,Meghan,mkoopmankk@paypal.com,17
742,Filmer,fleathemkl@symantec.com,21
743,Mathias,mgronouskm@drupal.org,13
744,Callean,chaddickkn@bbc.co.uk,13
745,Tommie,tiacomiko@plala.or.jp,19
746,Lorelle,lbursnellkp@technorati.com,16
747,Caye,cbisikerkq@ft.com,25
748,Colas,cdabskr@timesonline.co.uk,16
749,Joanie,jhuytonks@walmart.com,20
750,Lucio,lbeechcraftkt@samsung.com,16
751,Dianemarie,dtuckermanku@paypal.com,15
752,Rosalind,rslemmingkv@friendfeed.com,13
753,Yurik,ylaxenkw@ox.ac.uk,18
754,Allin,araithbykx@jigsy.com,26
755,Tarra,toldfieldky@wikimedia.org,19
756,Linet,ldumingoskz@nbcnews.com,13
757,Arleta,amarteletl0@qq.com,22
758,Ania,ablindl1@msn.com,36
759,Waly,wfairel2@businessweek.com,18
760,Douglass,dmingauldl3@rediff.com,27
761,Abramo,aaldingtonl4@youtube.com,18
762,Wolfy,woclovanl5@bloglines.com,35
763,Tadeo,tmorphetl6@home.pl,29
764,Florian,fhassenl7@sogou.com,15
765,Abey,ajacobl8@pagesperso-orange.fr,30
766,Chevy,cboyfieldl9@nymag.com,14
767,Joanna,jhunstonla@elegantthemes.com,16
768,Marylou,moadeslb@alibaba.com,22
769,Corrie,cfaleylc@google.co.jp,37
770,Heinrik,hlysaghtld@github.com,40
771,Kamillah,krobberechtle@sitemeter.com,20
772,Nicki,nnadenlf@i2i.jp,12
773,Florella,fsysonlg@cnn.com,19
774,Elane,ebarkleylh@blog.com,16
775,Drucill,ddanielsli@guardian.co.uk,32
776,Robinetta,rdoaglj@devhub.com,23
777,Meggie,mtravisslk@ox.ac.uk,56
778,Yvette,ybackshawll@flickr.com,20
779,Bernie,bdespenserlm@reference.com,13
780,Babs,bmcdugalln@yolasite.com,23
781,Clifford,coxtibylo@reddit.com,26
782,Milty,mgrannelllp@jiathis.com,28
783,Lance,lgrosvenerlq@blogspot.com,19
784,Else,etomkisslr@privacy.gov.au,20
785,Vasilis,vmcpakels@over-blog.com,17
786,Sena,slandrieult@virginia.edu,15
787,Consuela,chughlu@jiathis.com,29
788,Wilburt,wviscolv@china.com.cn,25
789,Fransisco,ftrevethanlw@tuttocitta.it,21
790,Rogerio,rfrenzellx@deviantart.com,15
791,Miner,mortetly@de.vu,22
792,Korey,kmcgregorlz@vinaora.com,19
793,Natal,nhubbuckem0@biblegateway.com,14
794,Dino,dhymanm1@bizjournals.com,25
795,Annora,aharfletem2@pagesperso-orange.fr,29
796,Audrye,alingwoodm3@marriott.com,15
797,Kara,kkingtonm4@ovh.net,28
798,Dalia,dhuxleym5@nydailynews.com,19
799,Sally,scoundleym6@globo.com,13
800,Sheelah,sfiddymontm7@engadget.com,24
801,Debora,dmcdonaghm8@fotki.com,18
802,Marlo,mgalgeym9@npr.org,23
803,Aryn,aeskriggma@prweb.com,16
804,Prentice,pnewmb@dailymail.co.uk,23
805,Aurelea,amilkinmc@woothemes.com,37
806,Eryn,ejeaffresonmd@java.com,13
807,Ruthie,rcarthyme@harvard.edu,32
808,Brannon,bkortingmf@pcworld.com,41
809,Crysta,croanmg@newsvine.com,30
810,Rora,rrigglesfordmh@senate.gov,12
811,Christye,cpantonmi@about.me,13
812,Jake,jshuxsmithmj@msn.com,17
813,Gael,gdurkinmk@fda.gov,32
814,Jeralee,jpittendreighml@weather.com,20
815,Teddie,tkopischmm@sina.com.cn,15
816,Chaddie,cvasechkinmn@reference.com,33
817,Antony,aphillcockmo@blinklist.com,18
818,Kellen,kcarreckmp@istockphoto.com,14
819,Maridel,mspavonmq@lulu.com,26
820,Ailbert,abeneditemr@people.com.cn,20
821,Gabrielle,gnolims@usatoday.com,27
822,Juliann,jjindacekmt@nationalgeographic.com,27
823,Rudd,remmersonmu@yahoo.co.jp,33
824,Adriena,aearpemv@microsoft.com,29
825,Cassey,cshopcottmw@shinystat.com,16
826,Ruby,rperrinsmx@bluehost.com,15
827,Ferris,fromagnosimy@howstuffworks.com,22
828,Hewitt,hbrownmz@cyberchimps.com,39
829,Ogdan,olehriann0@wp.com,17
830,Gunther,gwalshamn1@bravesites.com,17
831,Sylvia,slangdalen2@unblog.fr,15
832,Cristina,chansberryn3@utexas.edu,17
833,Felita,fprinnettn4@free.fr,19
834,Katherine,kriachn5@stumbleupon.com,22
835,Malvin,mwillasn6@chronoengine.com,22
836,Nichole,nbasilottan7@hexun.com,27
837,Bridie,bhartn8@symantec.com,23
838,Burnaby,bpuddann9@bizjournals.com,37
839,Darsie,ddickersonna@vinaora.com,24
840,Andrew,ayaldennb@nbcnews.com,38
841,Udell,ukubelkanc@youku.com,26
842,Jasmina,jspantonnd@stumbleupon.com,14
843,Brewster,bwoodsonne@ucoz.com,14
844,Inga,ibonnettnf@t-online.de,31
845,Wilmer,wmitkcovng@wisc.edu,15
846,Teressa,tstrutenh@angelfire.com,48
847,Wade,wduggetni@nyu.edu,15
848,Nick,ncaslakenj@indiegogo.com,13
849,Darb,dlangdonnk@indiegogo.com,22
850,Gray,gschukertnl@skyrock.com,28
851,Roseanna,rkirvinnm@ebay.co.uk,32
852,Clary,cjedrzejewicznn@storify.com,34
853,Eugen,edogertyno@cnet.com,23
854,Conroy,cshortellnp@4shared.com,29
855,Tish,tvanininq@biblegateway.com,21
856,Ofilia,ojaneczeknr@phpbb.com,14
857,Norri,nfranciskiewiczns@sciencedaily.com,14
858,Brandon,bhassentnt@wikipedia.org,39
859,Jessika,jbinionnu@joomla.org,26
860,Rene,rfishpoolenv@vk.com,19
861,Gus,gsurmeyersnw@tinypic.com,32
862,Belita,bsiggeenx@virginia.edu,13
863,Minor,mtabramny@answers.com,22
864,Romona,rduffellnz@google.pl,18
865,Early,ebarrando0@i2i.jp,19
866,Rhianna,rhumbeeo1@alexa.com,14
867,Colette,cglassmano2@posterous.com,23
868,Amitie,ahiggoeo3@indiatimes.com,18
869,Boyd,bselleno4@imageshack.us,30
870,Leroy,lburlesso5@lycos.com,31
871,Arabelle,asticklando6@nih.gov,36
872,Adelind,ahowleyo7@prweb.com,18
873,Archer,aklimushevo8@t-online.de,33
874,Corilla,cdovingtono9@archive.org,24
875,Alexander,atuveyoa@over-blog.com,25
876,Cello,cbrownjohnob@tuttocitta.it,33
877,Doralynne,dmorriesonoc@ning.com,39
878,Alberto,abransomod@wikimedia.org,15
879,Garold,gsalomonoe@ucoz.ru,25
880,David,dlehemannof@sogou.com,14
881,Morgen,mcorzonog@purevolume.com,24
882,Ned,nduffettoh@prlog.org,29
883,Dino,dgayleoi@statcounter.com,19
884,Fidelio,fmcgovernoj@goo.gl,19
885,Leo,lmazellaok@nationalgeographic.com,28
886,Patricia,prewcastleol@yellowpages.com,39
887,Min,mcristoferiom@columbia.edu,19
888,Anni,abuckeon@reuters.com,16
889,Ardenia,aarbuckleoo@shinystat.com,23
890,Bennie,belverstonop@google.co.uk,24
891,Annamaria,awoodrooffeoq@java.com,15
892,Peg,ppuckinghorneor@chron.com,16
893,Minnaminnie,mgallacheros@imdb.com,14
894,Stuart,stomneyot@census.gov,42
895,Lois,lcharrettou@wired.com,58
896,Julietta,jhardbattleov@salon.com,17
897,Cinda,crookow@about.me,19
898,Eugen,eburkettox@cloudflare.com,27
899,Granville,gtibaltoy@statcounter.com,33
900,Willetta,wweinhamoz@merriam-webster.com,29
901,Evangelina,epiep0@chronoengine.com,16
902,Gavrielle,ggrunsonp1@shop-pro.jp,75
903,Rafaela,rstothartp2@creativecommons.org,18
904,Birgit,bboyetp3@miitbeian.gov.cn,19
905,Halette,hduguep4@yelp.com,31
906,Hildegarde,hduminip5@slashdot.org,27
907,Dorine,dmacguffiep6@dropbox.com,20
908,Seth,sbrinkmanp7@oracle.com,16
909,Lucretia,lsproatp8@google.com.au,22
910,Townsend,tstaversp9@redcross.org,56
911,Gabriellia,gkellickpa@goo.ne.jp,22
912,Candice,cshearapb@domainmarket.com,13
913,Quintina,qpiellpc@dagondesign.com,32
914,Alyss,acollingwoodpd@tuttocitta.it,27
915,Nellie,nentwistlepe@baidu.com,32
916,Elisha,ecoalespf@tripod.com,15
917,Ira,ianwellpg@163.com,23
918,Fawnia,fklementzph@cmu.edu,32
919,Dannel,dminchinpi@ucla.edu,31
920,Bendick,btrehearnpj@bbb.org,18
921,Nonnah,nalexsandrevpk@netvibes.com,24
922,Audra,aeschpl@usda.gov,14
923,Babs,bszymanskipm@digg.com,18
924,Nathaniel,nrumseypn@123-reg.co.uk,18
925,Bendix,bweddellpo@samsung.com,16
926,Hunt,hfielderspp@opensource.org,17
927,Feliza,fklusspq@home.pl,41
928,Tamar,twandreypr@123-reg.co.uk,18
929,Marena,mgainsburghps@hibu.com,27
930,Linus,lcumberlandpt@telegraph.co.uk,13
931,Chico,cmerrypu@nps.gov,26
932,Merrill,mcharlottepv@comcast.net,36
933,Lewie,ltrubshawpw@ow.ly,41
934,Bonni,bpauluspx@dell.com,26
935,Lorianne,lhillittpy@about.com,30
936,Genna,grickeardpz@liveinternet.ru,33
937,Astrix,areadshawq0@google.cn,18
938,Christy,csilbyq1@slideshare.net,20
939,Godwin,gklichq2@facebook.com,13
940,Dawna,dblankleyq3@earthlink.net,18
941,Germaine,gchallensq4@g.co,33
942,Rubi,rojedaq5@purevolume.com,14
943,Etan,elilfordq6@hubpages.com,56
944,Orelee,oclemettsq7@businessinsider.com,18
945,Alvie,aburlayq8@salon.com,30
946,Alfi,aramq9@scientificamerican.com,14
947,Zola,zrootsqa@sfgate.com,31
948,Florella,fleeqb@thetimes.co.uk,20
949,Gaile,gsnoxellqc@yellowbook.com,28
950,Marcello,miacovielliqd@multiply.com,37
951,Tannie,ttriponyqe@squidoo.com,22
952,Bastian,bstilemanqf@auda.org.au,21
953,Elizabeth,eclapsonqg@over-blog.com,12
954,Sybille,sshoppeeqh@hc360.com,24
955,Esther,ebodicamqi@sourceforge.net,15
956,Adam,acarlucciqj@plala.or.jp,33
957,Darb,dconnoldqk@mysql.com,21
958,Estele,echevisql@imdb.com,21
959,Bridie,bsangarqm@tumblr.com,33
960,Loretta,lbaskettqn@utexas.edu,50
961,Hobie,hswaingerqo@histats.com,18
962,Nikita,nrichemondqp@samsung.com,28
963,Theobald,tfeatherstonhaughqq@fc2.com,17
964,Gerry,gmcalindenqr@discovery.com,31
965,Yul,yproughtenqs@dyndns.org,36
966,Luis,lquickendenqt@list-manage.com,28
967,Nessi,njacobowitzqu@qq.com,28
968,Harp,hleethemqv@live.com,16
969,Delcine,dmattiazziqw@godaddy.com,32
970,Kora,khedditehqx@narod.ru,31
971,Pauly,pscudderqy@tumblr.com,40
972,Myrle,mmabbottqz@cbslocal.com,15
973,Cortney,cmcgauganr0@google.cn,14
974,Neda,ncouronner1@virginia.edu,32
975,Laurice,lclucasr2@miibeian.gov.cn,21
976,Travus,tdemogeotr3@mapy.cz,27
977,Ange,aaltir4@constantcontact.com,17
978,Kirbee,kmccallionr5@slideshare.net,18
979,Lynnet,lflockhartr6@buzzfeed.com,17
980,Jaclin,jridouttr7@themeforest.net,18
981,Stella,sbartalonir8@yellowpages.com,23
982,Ethel,esimonsenr9@gizmodo.com,34
983,Carleen,calcaldera@istockphoto.com,21
984,Thorvald,tjannawayrb@army.mil,32
985,Pascal,pwhatmanrc@miitbeian.gov.cn,24
986,Rozina,rholstonrd@csmonitor.com,36
987,Betti,bgoodludre@posterous.com,19
988,Che,clamploughrf@skype.com,24
989,Willis,whrusrg@friendfeed.com,22
990,April,abardwallrh@icio.us,23
991,Adler,akennerri@bandcamp.com,42
992,Codi,cdunhillrj@bbb.org,14
993,Nefen,noflanneryrk@columbia.edu,38
994,Janela,jgierhardrl@theglobeandmail.com,23
995,Lois,lgrundlerm@hhs.gov,33
996,Marrissa,mmephanrn@slate.com,18
997,Helenka,hmaccolero@ameblo.jp,19
998,Boniface,brosenboimrp@storify.com,33
999,Bonny,bdorrinsrq@merriam-webster.com,21
1000,Gordon,gsackesrr@uol.com.br,28
