Michale,mcreeber0@hhs.gov,21
Osborne,odorkin1@hostgator.com,41
Humberto,hskeemor2@a8.net,20
Vincents,vmantrup3@rediff.com,23
Leontine,lrhead4@redcross.org,12
Bethany,bharry5@sciencedirect.com,31
Gretna,gserot6@china.com.cn,31
Iona,irubinsaft7@mac.com,16
Mathe,msuston8@altervista.org,14
Obed,orapsey9@fastcompany.com,31
Garrott,gmckinna@miibeian.gov.cn,32
Obidiah,obeasleighb@imdb.com,18
Brig,bshellshearc@blog.com,23
Dwight,dpenberthyd@wordpress.com,24
Ely,eministere@walmart.com,18
Katerina,kswinf@wufoo.com,31
Curr,chrishchenkog@gov.uk,32
Vonni,vquinellh@google.it,16
Erl,econklini@economist.com,23
Dilly,dvealej@constantcontact.com,16
Allyn,aplaitk@harvard.edu,22
Sari,szebedeel@prweb.com,13
Obadias,oogbournem@ycombinator.com,38
Andrej,amacgowingn@hao123.com,30
Jada,jthurnero@cbsnews.com,22
Tess,tshillitop@amazonaws.com,21
Kele,krilstonq@google.co.jp,19
Vikky,vstuttr@mac.com,13
Micheal,mfagans@opera.com,17
Beaufort,bswanet@instagram.com,26
Alphonso,atitterrellu@dmoz.org,34
Donetta,dhildrewv@ucsd.edu,21
Cymbre,cbrabinw@aboutads.info,22
Lilah,lscotterx@ucla.edu,31
Staci,slemmertzy@ycombinator.com,20
Denys,dastz@webeden.co.uk,23
Beryle,beslie10@bizjournals.com,22
Avery,aalennikov11@ehow.com,27
Barrett,bnapolione12@miitbeian.gov.cn,32
Theodor,tscougall13@cbsnews.com,14
Shawn,svearncomb14@icio.us,22
Bran,bpaddick15@gov.uk,19
Arleen,ahaily16@soup.io,33
Clem,ctoner17@nih.gov,16
Wayne,wmealand18@godaddy.com,17
Fabian,fmarjot19@usa.gov,26
Rosina,rbrothers1a@pagesperso-orange.fr,29
Hasty,hclout1b@blogger.com,28
Chancey,cwearing1c@slashdot.org,32
Josi,jnapier1d@drupal.org,28
Petr,pmouse1e@wunderground.com,29
Sheilakathryn,smaginn1f@sitemeter.com,26
Nikolaus,nhanes1g@goodreads.com,24
Jere,jrotherham1h@reverbnation.com,29
Read,rstangel1i@1und1.de,32
Sybil,sbonfield1j@ed.gov,26
Roanna,rchisman1k@myspace.com,19
Aldon,aedinburgh1l@goo.gl,24
Whitney,wfardy1m@drupal.org,14
Derward,dsquibb1n@techcrunch.com,31
Kirsteni,kdesouza1o@is.gd,27
Tammy,tmylechreest1p@businessweek.com,17
Jeffry,jjanous1q@economist.com,25
Clementine,cbuckerfield1r@1688.com,26
Veradis,vtimmes1s@gizmodo.com,19
Bebe,bbaelde1t@imdb.com,30
Talia,theales1u@cdc.gov,17
Jana,jcoombs1v@paypal.com,23
Annabel,aallmen1w@paginegialle.it,68
Meade,mrivaland1x@free.fr,26
Joli,jlundy1y@mtv.com,13
Dallis,dberendsen1z@themeforest.net,25
Worthington,whillum20@bbb.org,30
Frazer,fpierrepont21@t.co,13
Brenn,btenney22@squarespace.com,15
Seward,sfleming23@apache.org,40
Esteban,ericciardiello24@networkadvertising.org,28
Dianne,dnaisey25@people.com.cn,27
Derk,dcrapper26@washington.edu,25
Lucky,llethibridge27@apache.org,26
Marylou,mible28@cmu.edu,19
Augustus,aclemonts29@goodreads.com,28
Foss,fbasnett2a@nsw.gov.au,28
Frank,fdammarell2b@nih.gov,24
Emmett,eearney2c@nba.com,17
Adelind,aalexandre2d@symantec.com,20
Barny,bbrownscombe2e@usatoday.com,14
Seana,spenbarthy2f@marketwatch.com,17
Solly,sspurier2g@sohu.com,31
Fredrick,fknath2h@usnews.com,16
Courtney,cmeadows2i@sciencedaily.com,30
Gusty,gtrayes2j@example.com,16
Wilden,wprince2k@europa.eu,13
Laverna,lmacconnal2l@oaic.gov.au,38
Dorris,ddillimore2m@oakley.com,14
Benni,bespie2n@networkadvertising.org,17
Walker,wvowdon2o@storify.com,20
Anatole,agartrell2p@scientificamerican.com,16
Tristam,tforson2q@cnn.com,27
Jemimah,jiseton2r@webs.com,17
Lotte,lbenet2s@apache.org,14
Jonis,jfluger2t@hugedomains.com,30
Arie,adowzell2u@ucoz.ru,23
Tim,tsmaling2v@t.co,60
Cristobal,chiscoke2w@psu.edu,14
Aida,abakster2x@mit.edu,17
Thatcher,tbuckthought2y@sciencedirect.com,17
Correy,caspell2z@devhub.com,14
Gasper,gdunk30@macromedia.com,22
Britteny,bhazeup31@constantcontact.com,58
Mireielle,mdyers32@edublogs.org,16
Cristine,cmoehler33@mediafire.com,33
Suellen,sfrost34@opensource.org,32
Vinnie,vseddon35@smugmug.com,15
Brod,bcoleman36@chronoengine.com,38
Duncan,dwaldron37@buzzfeed.com,25
Cathe,cskidmore38@tinypic.com,13
Edik,emumbray39@hubpages.com,29
Rachel,rkilalea3a@archive.org,31
Ripley,rbaford3b@nasa.gov,22
King,khabbijam3c@nps.gov,30
Chelsy,cfrancioli3d@yellowpages.com,33
Ada,ahollebon3e@ucla.edu,59
Orson,omundall3f@e-recht24.de,21
Kat,kygo3g@gnu.org,29
Robinett,restcot3h@spotify.com,21
Jaquith,jlatch3i@simplemachines.org,15
Charlotte,cwark3j@posterous.com,31
Brook,bgeertje3k@acquirethisname.com,17
Pammy,plaugheran3l@booking.com,19
Henryetta,hbuesden3m@cocolog-nifty.com,24
Pavlov,ptonbye3n@dion.ne.jp,25
Tony,tmeasey3o@apple.com,21
Barry,buccello3p@meetup.com,19
Carolyne,cstyche3q@cdc.gov,21
Margette,mmatthew3r@sakura.ne.jp,22
Kristofor,kglowacki3s@oaic.gov.au,45
Angelika,arigardeau3t@goo.ne.jp,19
Gilberta,gboar3u@sbwire.com,28
Francis,fsimoni3v@who.int,32
Ludwig,ljanway3w@yale.edu,27
Cordy,clongea3x@privacy.gov.au,22
Nixie,ntewkesberrie3y@facebook.com,26
Vladimir,vgremane3z@businessweek.com,21
Percy,pdrepp40@shareasale.com,14
Reine,rcordy41@example.com,28
Dahlia,dfydo42@discovery.com,41
Al,avillar43@dell.com,13
Deloria,dhearse44@bloglovin.com,24
Dorey,dscoble45@goo.ne.jp,31
Kevina,kpalay46@latimes.com,17
Sol,sseyler47@etsy.com,21
Ellynn,emabbot48@state.tx.us,18
Lettie,lhelks49@tumblr.com,16
Lib,lstebbings4a@google.ca,36
Eal,egreenard4b@topsy.com,39
Oralee,oentwhistle4c@oracle.com,25
Federico,flatehouse4d@npr.org,23
Vonnie,vblazek4e@theatlantic.com,20
Jethro,jparriss4f@shareasale.com,18
Xylia,xteesdale4g@engadget.com,24
Seka,sbiddle4h@nih.gov,40
Jo-ann,jfilchagin4i@senate.gov,17
Shell,sstrathman4j@yandex.ru,13
Leodora,lcowoppe4k@ed.gov,14
Betty,bwandrach4l@elpais.com,28
Tabbitha,thadcroft4m@wunderground.com,19
Debi,ddutnall4n@dedecms.com,32
Carrol,cbaudouin4o@squidoo.com,31
Percy,pseckington4p@livejournal.com,42
Broddie,bhamel4q@people.com.cn,15
Arabele,aharry4r@washington.edu,13
Mellicent,mkerbey4s@seesaa.net,30
Reinald,rhegdonne4t@friendfeed.com,15
Ada,acaldroni4u@unesco.org,16
Killie,kwallege4v@google.ru,32
Lenna,lcollingridge4w@omniture.com,41
Cale,cwikey4x@lycos.com,21
Vitia,vaburrow4y@berkeley.edu,13
Dacy,dtripney4z@facebook.com,19
Curtice,cantal50@delicious.com,29
Ginny,gdeeney51@nytimes.com,27
Ade,akleehuhler52@cam.ac.uk,17
Cheryl,cfairbard53@redcross.org,18
Carolin,cbickley54@1688.com,26
Robby,rbampkin55@macromedia.com,30
Pennie,pcomar56@bbc.co.uk,13
Howard,hsully57@usgs.gov,37
Sampson,sreeks58@state.gov,18
Melosa,milden59@oracle.com,34
Channa,cshurmore5a@shutterfly.com,14
Bari,bmcauley5b@wired.com,27
Letti,lkops5c@bandcamp.com,33
Pet,phearne5d@dmoz.org,24
Brigg,bsievewright5e@dell.com,24
Dotty,dcoatts5f@youtube.com,18
Natty,nmoresby5g@last.fm,19
Rosabella,rgherardi5h@lulu.com,45
Luise,lpaute5i@wikispaces.com,27
Leoine,lwinger5j@hud.gov,23
Stacia,stieraney5k@csmonitor.com,31
Gav,gstait5l@spiegel.de,55
Martelle,msommerling5m@earthlink.net,15
Korey,kbickerstasse5n@sbwire.com,67
Parsifal,phurn5o@wix.com,25
Forbes,ffairburn5p@blogspot.com,25
Immanuel,ipegram5q@tiny.cc,52
Ivie,idanes5r@discovery.com,26
Kerrie,kbiset5s@cmu.edu,18
Cherye,chancock5t@goo.ne.jp,39
Ernest,epiercey5u@wp.com,24
Cheryl,cbolan5v@lulu.com,29
Melli,mtregien5w@google.de,30
Terri,tdacre5x@dailymotion.com,22
Way,wwiggam5y@imageshack.us,22
Audrey,acircuit5z@digg.com,18
Joni,jraynard60@blogger.com,25
Titos,tmyhan61@wikia.com,36
Christabel,ccankett62@fotki.com,14
Dwayne,dsimkovitz63@slashdot.org,20
Oriana,obradnock64@linkedin.com,25
Wynn,wpietraszek65@dot.gov,15
Brok,bclewlow66@ox.ac.uk,20
Fremont,fschubbert67@columbia.edu,31
Trisha,tpilmore68@tripod.com,21
Bev,bceyssen69@wired.com,32
Oby,odeverson6a@trellian.com,33
Frederico,fdorricott6b@parallels.com,68
Eugenio,ezecchinii6c@weibo.com,16
Truman,tharefoot6d@blogspot.com,17
Stan,sfassbindler6e@answers.com,15
Barbabas,bwombwell6f@yahoo.com,22
Salomon,sthow6g@de.vu,34
Linn,lbatchellor6h@csmonitor.com,22
Emanuel,esparks6i@amazonaws.com,40
Kerry,kjiles6j@smugmug.com,14
Therine,tdowsey6k@cnet.com,34
Marcille,mswaby6l@dropbox.com,31
Shelbi,smacneill6m@furl.net,26
Griswold,gpanyer6n@google.pl,19
Harlin,htilio6o@nyu.edu,41
Julissa,jlebrun6p@google.co.jp,22
Dun,dgrahamslaw6q@guardian.co.uk,13
Weidar,wroscoe6r@sakura.ne.jp,33
Cody,cdumphry6s@chicagotribune.com,41
Granthem,givakhno6t@wired.com,27
Clarice,cfoldes6u@is.gd,31
Viva,vpovall6v@themeforest.net,13
Ambur,afurmagier6w@apple.com,17
Verge,vmorales6x@smugmug.com,39
Kerwin,kschriren6y@nbcnews.com,32
Callean,cjozwik6z@youku.com,33
Hobey,hdeerr70@sciencedaily.com,30
Cristal,crockwell71@is.gd,31
Gilberto,gmellings72@google.ca,15
Hermione,hmacklam73@mozilla.org,20
Berta,bcleaton74@tripadvisor.com,30
Jock,jkleinert75@amazonaws.com,32
Augy,amckern76@altervista.org,13
Ceil,ccoady77@mapy.cz,14
Brandi,bobee78@cocolog-nifty.com,21
Georgie,gjobern79@apple.com,33
Maddi,mpoolton7a@list-manage.com,33
Pincus,pcorton7b@myspace.com,17
Griz,gkneal7c@miibeian.gov.cn,21
Tildy,tgrimsey7d@ucsd.edu,38
Merv,mrooke7e@columbia.edu,32
Charlotta,chugin7f@opensource.org,12
Haley,hganiclef7g@samsung.com,17
Michell,mhedderly7h@jigsy.com,31
Denna,dmuxworthy7i@theatlantic.com,19
Karlotte,kpedrollo7j@samsung.com,19
Merridie,mrands7k@lulu.com,21
Daphene,dcromarty7l@furl.net,14
Lem,lcortez7m@yahoo.com,16
Almeta,aspurdon7n@domainmarket.com,19
Phoebe,pmcwilliam7o@delicious.com,33
Brear,bdesporte7p@house.gov,20
Gare,galejandre7q@odnoklassniki.ru,13
Ianthe,iarendsen7r@mtv.com,37
Lucias,lclelland7s@clickbank.net,25
Jazmin,jwillets7t@ca.gov,17
Fransisco,flyosik7u@networksolutions.com,32
Creighton,cbarron7v@springer.com,31
Elissa,eriddler7w@photobucket.com,14
Idalina,idefries7x@gmpg.org,23
Paloma,pbrooking7y@blogtalkradio.com,39
Dallis,dskipping7z@jigsy.com,32
Pearla,pgrewer80@japanpost.jp,17
Zia,zscoggin81@microsoft.com,23
Penn,pstilling82@nydailynews.com,15
Hinze,hmccolley83@topsy.com,20
Raffarty,rdils84@delicious.com,31
Shawn,soclery85@livejournal.com,31
Astra,atayt86@artisteer.com,43
Geordie,gmiltonwhite87@cisco.com,26
Fee,flukehurst88@delicious.com,53
Georgi,goconcannon89@ezinearticles.com,58
Lonny,lbardwell8a@google.com.au,33
Darryl,dmalden8b@google.fr,20
Erv,emaggiori8c@biglobe.ne.jp,35
Whit,wschukert8d@msu.edu,30
Goldarina,gdencs8e@irs.gov,32
Kass,kclarke8f@vinaora.com,17
Juieta,jnuscha8g@adobe.com,24
Noreen,nsmallbone8h@wiley.com,23
Dahlia,dgosby8i@technorati.com,17
Delora,doffill8j@intel.com,17
Tadio,tpischof8k@people.com.cn,20
Enoch,ebeldam8l@prlog.org,20
Everard,etiddy8m@amazon.co.jp,35
Jude,jtrimbey8n@wunderground.com,30
Elisha,esiely8o@gmpg.org,19
Jillane,jpolgreen8p@cdc.gov,19
Arch,acapnerhurst8q@elegantthemes.com,15
Thia,tdixey8r@go.com,40
Cristabel,csteere8s@constantcontact.com,23
Sherrie,spetric8t@free.fr,26
Tilly,tveck8u@irs.gov,24
Ferris,fechallie8v@miibeian.gov.cn,15
Corly,cbilney8w@nih.gov,31
Marlowe,mmcginley8x@vinaora.com,28
Lucky,lbruin8y@webs.com,18
Pauli,pcoyte8z@ed.gov,40
Sorcha,sjackson90@studiopress.com,15
Bud,bheald91@dedecms.com,29
Evangelin,eweatherall92@wordpress.org,30
Susi,smuris93@mapy.cz,18
Stinky,sbastiman94@mashable.com,19
Quincey,qwildor95@chicagotribune.com,59
Cary,cdumbar96@goodreads.com,32
Raff,raymer97@tinypic.com,30
Arnaldo,amachans98@youtu.be,15
Bibbye,binnes99@bloglovin.com,34
Royall,rpearne9a@blog.com,29
Irvine,iensor9b@blog.com,40
Ina,ipitkeathley9c@bigcartel.com,14
Brear,bgolt9d@cnn.com,20
Mariana,mcockings9e@cdc.gov,16
Dusty,dlittlemore9f@hubpages.com,27
Mariam,mbradneck9g@dell.com,29
Stephine,sbedham9h@techcrunch.com,30
Francis,fshane9i@vk.com,12
Efrem,elamminam9j@about.me,23
Anstice,astleger9k@tumblr.com,21
Steffi,sjagielski9l@cdbaby.com,13
Cordie,ccoxall9m@google.de,37
Inger,ibarkway9n@yandex.ru,40
Ardra,afreathy9o@zdnet.com,39
Edna,ematthieson9p@soup.io,27
Blane,bdomonkos9q@baidu.com,32
Blondy,btebbe9r@netvibes.com,29
Eugene,eradke9s@cdc.gov,41
Fayette,feykelhof9t@ox.ac.uk,16
Adrian,alacroce9u@tumblr.com,20
Lloyd,ldarracott9v@photobucket.com,15
Corilla,cgrier9w@nytimes.com,19
Hadria,hannon9x@skyrock.com,22
Meagan,moneal9y@marketwatch.com,30
Grace,gfleet9z@webeden.co.uk,28
Annalee,awilmana0@scribd.com,14
Marlo,mgumma1@ca.gov,15
Gabe,gberstona2@oracle.com,30
Vittorio,vwabea3@ifeng.com,16
Torry,tsandifera4@sitemeter.com,27
Nate,nganiforda5@sciencedaily.com,18
Bailie,bjanninga6@yale.edu,19
Gabbi,glodgea7@wikia.com,14
Morlee,mjessa8@cbsnews.com,18
Paulina,pduiguida9@jimdo.com,37
Linoel,lheartfieldaa@rediff.com,23
Kiley,kzamorranoab@quantcast.com,23
Alastair,aworviellac@desdev.cn,39
Karlen,kwhorallad@infoseek.co.jp,22
Jocelin,jparradiceae@geocities.jp,24
Whitaker,wmatzkeaf@spotify.com,15
Lanette,lsterlandag@google.ca,22
Lavinie,lcelesah@yelp.com,15
Wilhelmine,wgeorgescuai@wikia.com,50
Lelah,lwardropaj@amazon.co.uk,15
Belita,bbishellak@netvibes.com,22
Bebe,bsycamoreal@wikia.com,32
Casper,cbamborougham@geocities.jp,13
Nollie,ncaenan@jugem.jp,23
Boote,bpankethmanao@cyberchimps.com,17
Carl,cshillanap@cbslocal.com,29
Kristofor,kocurriganaq@shop-pro.jp,31
Phedra,pliffar@foxnews.com,33
Caria,cdallanas@reference.com,26
Elaina,ecorishat@hubpages.com,33
Eulalie,eaguirreau@sciencedirect.com,42
Joseito,jsowerbyav@ca.gov,22
Mercy,mmearsaw@networkadvertising.org,25
Rhianna,rsnazleax@yolasite.com,24
Tamma,tkillockay@soundcloud.com,30
Dona,dalishoneraz@jalbum.net,14
Sergeant,scornierb0@timesonline.co.uk,17
Sara,sastonb1@bloomberg.com,31
Shaylynn,smcgarahanb2@t.co,22
Martina,mwozencraftb3@gnu.org,26
Stafford,sdefraineb4@dell.com,40
Eb,eharwellb5@merriam-webster.com,29
Pasquale,pfeedhamb6@nifty.com,29
Ody,oparamoreb7@narod.ru,13
Mile,mcellierb8@4shared.com,23
Westleigh,wranceb9@springer.com,25
Pedro,pfrearsonba@rediff.com,33
Reed,rbullmanbb@yolasite.com,21
Reagen,rcrambiebc@sitemeter.com,36
Zorana,zblackburnbd@opensource.org,17
Burnaby,bshapirobe@youtu.be,16
Leola,lionsbf@businessinsider.com,29
Hart,hmabbbg@edublogs.org,14
Adella,aseniourbh@joomla.org,14
Revkah,rfouchbi@yahoo.co.jp,19
Bekki,bmilnebj@umich.edu,15
Son,sbellonbk@privacy.gov.au,30
Marvin,mmcneelybl@google.es,13
Tawnya,tamberbm@ovh.net,16
Shandy,sbedellbn@berkeley.edu,18
Kathryne,kcaslettbo@comsenz.com,16
Andras,afeastbp@prlog.org,22
Brigham,bmatuskabq@last.fm,33
Dimitry,dburgenbr@xing.com,13
Rebbecca,ryakobbs@nydailynews.com,32
Jorey,jgareisrbt@google.es,14
Trula,tphizackarleybu@flavors.me,15
Constantino,carmourbv@last.fm,26
Rudolf,rbalwinbw@webeden.co.uk,22
Jodee,jjerrardbx@parallels.com,13
Rania,rrockcliffeby@dmoz.org,26
Aundrea,akimmerlingbz@state.gov,31
Gareth,gopferc0@a8.net,39
Daffi,dzeplinc1@reddit.com,13
Catrina,colivetic2@furl.net,32
Jasmin,jstockportc3@washington.edu,26
Marian,mzorzinc4@aol.com,30
Leena,lmathiassenc5@accuweather.com,26
Devi,dduigedc6@wired.com,35
Daffi,dquinseec7@va.gov,20
Cale,cfellmanc8@indiatimes.com,60
Hirsch,hbrassec9@booking.com,17
Kathryne,kmelmothca@4shared.com,15
Christin,ccarlecb@boston.com,31
Goraud,grubinowcc@chicagotribune.com,23
Cullan,crickesiescd@miitbeian.gov.cn,22
Barbra,bmaccrawce@shareasale.com,35
Carlynne,caldwickcf@wired.com,34
Susette,schamcg@google.com.br,13
Kariotta,kreubench@geocities.jp,17
Xever,xelfleetci@simplemachines.org,23
Elvina,ephilippeauxcj@nifty.com,22
Friedrick,fdufaurck@usatoday.com,34
Phillida,pchristopherscl@bluehost.com,18
Neysa,nbremnercm@businessweek.com,36
Doroteya,dbaythropcn@google.ca,16
Jdavie,jsummerleyco@archive.org,20
Inger,imoancp@last.fm,16
Vite,vbrecknallcq@deliciousdays.com,38
Wenda,wlaugherancr@illinois.edu,36
Faina,fmichelmorecs@harvard.edu,22
Gustaf,ggodsonct@i2i.jp,36
Pearce,pspellercu@fastcompany.com,25
Eal,ewinterburncv@bloomberg.com,37
Rosette,rblakesleecw@jigsy.com,40
Georgianna,gclarkcx@hatena.ne.jp,30
Josefa,jkleinbercy@senate.gov,22
Brannon,bdursleycz@github.com,15
Cate,cministerd0@newsvine.com,13
Agustin,arandelld1@globo.com,24
Amargo,astoditd2@cargocollective.com,28
Patton,paloshikind3@cloudflare.com,23
Dorena,dmixtured4@hhs.gov,24
Timofei,tfrantzend5@wp.com,33
Brier,bgermand6@cbc.ca,35
Amabelle,ahallattd7@arstechnica.com,13
Haroun,hkohlertd8@sogou.com,22
Rolph,rtutselld9@creativecommons.org,20
Teirtza,tshevillda@networkadvertising.org,19
Thom,thoodspethdb@kickstarter.com,22
Kinny,kbeaumontdc@constantcontact.com,20
Oralla,oleestutdd@illinois.edu,19
Kristos,kmattussevichde@home.pl,24
Karen,kdasdf@github.io,24
Borden,btatlowdg@tuttocitta.it,18
Pepi,pwaddoupsdh@taobao.com,30
Ellerey,ejohnstondi@webs.com,40
Randell,rbakewelldj@buzzfeed.com,16
Read,rbythwaydk@shop-pro.jp,16
Hilliary,hnutleydl@reverbnation.com,12
Bran,btripedm@msn.com,28
Urbano,ufedynskidn@ihg.com,24
Deny,dmegarrydo@pcworld.com,37
Ellswerth,efilipicdp@state.gov,27
Ebenezer,eradindq@intel.com,18
Rebbecca,rtemprelldr@pinterest.com,23
Edgardo,eewebankds@nasa.gov,19
Haven,hdunsiredt@bing.com,18
Walsh,wfaircliffdu@dion.ne.jp,15
Rosalynd,rjirickdv@comcast.net,27
Reena,ralbertidw@feedburner.com,14
Spike,sclinchdx@mail.ru,33
Garner,gsierdy@mediafire.com,26
Zaneta,zdaddsdz@vimeo.com,37
Francois,freignarde0@istockphoto.com,25
Montgomery,mgreenleafe1@google.ca,18
Carlotta,cblaskette2@goodreads.com,23
Zeke,zrohlfse3@who.int,38
Phil,pwallere4@pbs.org,16
Rock,rblydee5@utexas.edu,31
Shell,skapelhofe6@chicagotribune.com,29
Almeta,agildersleavese7@clickbank.net,33
Haven,hferrelie8@slashdot.org,19
Jasper,jimose9@blinklist.com,17
Alex,apomfrettea@1und1.de,16
Maddie,mrichardeteb@canalblog.com,31
Adrien,amogenotec@1und1.de,21
Garfield,gsheircliffeed@dyndns.org,23
Letitia,lruffeyee@archive.org,16
Gay,gmacqueenef@redcross.org,17
Bryant,bcolleyeg@furl.net,18
Sherry,selbyeh@pbs.org,25
Ivy,ibathoeei@ebay.com,23
Tish,tcallardej@amazon.com,64
Vitoria,vmarlerek@elegantthemes.com,23
Torrin,tpeaurtel@booking.com,13
Jillene,jsiberryem@google.com.au,19
Tome,tsebrensen@buzzfeed.com,18
Blancha,bghioeo@earthlink.net,30
Jeannette,jborchardtep@nasa.gov,21
Meghann,mkoppeseq@ucoz.ru,33
Norean,nparsander@wikispaces.com,25
Spense,svallantinees@umich.edu,14
Geordie,ghuntingtonet@newsvine.com,13
Riannon,rdenisovoeu@zimbio.com,56
Elnore,ekovalskiev@indiatimes.com,19
Berna,ballsuppew@seattletimes.com,34
Leann,lheinssenex@tumblr.com,17
Sheelagh,speekey@stanford.edu,60
Chet,cfownesez@fda.gov,25
Berta,bseggief0@bandcamp.com,33
Mada,mshimwallf1@shinystat.com,18
Robinson,rreamsf2@rakuten.co.jp,15
Randolf,rshalloef3@163.com,30
Ceciley,cblakedenf4@flavors.me,26
Scotty,samissf5@networkadvertising.org,21
Fonzie,fciobotarof6@constantcontact.com,33
Alix,adjekovicf7@ehow.com,16
Neall,nberringtonf8@nyu.edu,16
Rriocard,rborlesf9@163.com,14
Reece,rdowthwaitefa@bloglines.com,35
Antonie,apilcherfb@jugem.jp,17
Hamil,hrodbournefc@phpbb.com,15
Garth,gsprowellfd@networksolutions.com,35
Kathlin,kdonahofe@skyrock.com,24
Austina,afullff@etsy.com,29
Ronnie,rmurrthumfg@geocities.jp,18
Thayne,toruddenfh@vinaora.com,24
Diahann,dcavetfi@diigo.com,20
Troy,tguesfordfj@last.fm,27
Zachary,zarchibouldfk@independent.co.uk,27
Janifer,jdennissfl@hibu.com,22
Letty,luttermarefm@indiatimes.com,17
Todd,tgallantfn@sun.com,35
Wini,wewensonfo@chronoengine.com,20
Salaidh,ssileyfp@about.com,15
Bab,bpidduckfq@is.gd,22
Farley,fgilvaryfr@examiner.com,23
Hamlin,hsecrettfs@va.gov,27
Morgana,mscardifieldft@vkontakte.ru,32
Nicoline,nbarenskiefu@purevolume.com,29
Gus,ggippsfv@nsw.gov.au,20
Fern,fcaylefw@simplemachines.org,32
Greg,gcampofx@nbcnews.com,22
Crawford,coreaganfy@nba.com,20
Madonna,mscipseyfz@xinhuanet.com,14
Genevieve,glaing0@arizona.edu,33
Kellia,kpitkeathlyg1@businessweek.com,26
Nicky,nmapesg2@themeforest.net,17
Idaline,ipelzg3@ow.ly,16
Isidor,isawfordg4@xrea.com,13
Karole,krodderg5@hatena.ne.jp,14
Albertine,aboycottg6@rakuten.co.jp,23
Adams,apondg7@bbb.org,30
Davon,dbartellig8@house.gov,19
Madelena,mscneiderg9@narod.ru,22
Celestina,cconnuega@printfriendly.com,23
Abie,alongshawgb@symantec.com,25
Ingrid,ivanyardgc@delicious.com,16
Deena,dnuttygd@omniture.com,33
Konstanze,kfattorinige@parallels.com,29
Cheri,claisegf@amazonaws.com,17
Doralyn,dklimochkingg@oakley.com,29
Rolfe,rgeachgh@bigcartel.com,35
Sheridan,sclarksongi@lycos.com,22
Ricard,rmarkwellgj@craigslist.org,19
Vevay,vcadellgk@bravesites.com,40
Corene,cbroygl@behance.net,31
Trevar,tclossgm@devhub.com,38
Marchall,mpannergn@google.ru,18
Carr,cpedraccigo@blogspot.com,16
Arthur,averngp@cloudflare.com,28
Tiertza,tbrazurgq@amazon.de,14
Toby,twesleygr@creativecommons.org,17
Wilmette,wstruijsgs@alibaba.com,13
Brennen,bcawkwellgt@cafepress.com,30
Lanny,lrunchmangu@blinklist.com,30
Tabbatha,tboyngv@springer.com,35
Mercedes,mduncansongw@ucsd.edu,32
Mechelle,mfusseygx@nature.com,14
Bobbie,blesurfgy@gnu.org,18
Ailis,adimeloegz@example.com,38
Kara-lynn,khearnahh0@comsenz.com,38
Daveta,dpawelczykh1@myspace.com,17
Germain,gblampyh2@yellowpages.com,14
Mellisa,mdath3@pagesperso-orange.fr,31
Kleon,kkinkeadh4@sphinn.com,27
Lesli,lgiacomazzoh5@amazon.co.uk,14
Arvy,aduckerh6@kickstarter.com,13
Albrecht,awoollandh7@example.com,21
Allegra,agantzh8@clickbank.net,36
Cyrus,cgreensmithh9@constantcontact.com,21
Nanny,nollerhadha@cbc.ca,30
Belva,bbeazerhb@ameblo.jp,23
Felicdad,fburnsideshc@house.gov,17
Theo,tpolinohd@mashable.com,32
Raynell,rackershe@accuweather.com,33
Gerome,gmccookhf@people.com.cn,22
Terza,tkuschahg@msu.edu,15
Tate,tyellowleehh@tinyurl.com,25
Rowland,rdahlberghi@webs.com,22
Tate,tgommeshj@cpanel.net,28
Myrta,msyphashk@chicagotribune.com,23
Virgie,vbrundlehl@smh.com.au,16
Arny,astpaulhm@businessweek.com,17
Raff,rhopferhn@china.com.cn,14
Amie,arainbowho@apache.org,19
Regan,rhaysmanhp@weebly.com,33
Elladine,etrewinnardhq@nature.com,27
Jami,jnisbithhr@ezinearticles.com,15
Kassey,kminshullhs@sakura.ne.jp,16
Sollie,sgiovannacciht@tuttocitta.it,30
Lisette,lpeyzerhu@dedecms.com,18
Englebert,edeverillhv@ibm.com,35
Elysha,emckeighenhw@ed.gov,19
Donella,dghiohx@npr.org,15
Saundra,sdommetthy@ox.ac.uk,16
Zsazsa,zrichmonthz@gmpg.org,14
Dante,dpiersi0@microsoft.com,25
Correna,csculleyi1@reddit.com,26
Frankie,fplewesi2@unesco.org,31
Gay,gfayersi3@wix.com,37
Saunders,solleri4@statcounter.com,19
Pail,pstelfoxi5@ucoz.ru,30
Sharity,spooli6@nba.com,19
Margy,mbootymani7@army.mil,26
Uri,uwiddowsi8@nytimes.com,17
Morna,mpondjonesi9@networkadvertising.org,12
Frederick,floveguardia@who.int,24
Nicolina,nfrancaisib@msn.com,15
Sigfried,shurleyic@domainmarket.com,37
Emmet,ecranfieldid@eepurl.com,34
Katha,kdisneyie@digg.com,19
Tina,troyleif@zimbio.com,20
Yves,ytschierseig@miibeian.gov.cn,20
Siouxie,scoitih@chicagotribune.com,27
Merola,mkleinpeltzii@networksolutions.com,30
Mead,mbellisij@g.co,33
Britte,bsweatlandik@forbes.com,29
Ripley,rrigmondil@plala.or.jp,20
Hirsch,hloughranim@pinterest.com,27
Francyne,feclesin@wikimedia.org,22
George,gmcnellyio@auda.org.au,19
Ellette,ekeizmanip@webnode.com,21
Lari,ldunkiq@java.com,16
Karole,kheapeir@ezinearticles.com,30
Marge,maddessis@hatena.ne.jp,27
Townsend,tmilmoit@thetimes.co.uk,20
Patrick,pgrisedaleiu@unc.edu,14
Skell,sgrubbiv@unicef.org,23
Effie,edunniw@example.com,24
Mack,mleathartix@buzzfeed.com,18
Ruddie,rriccardoiy@jigsy.com,13
Carlita,cbarberaiz@vkontakte.ru,25
Bernie,bmacgaugheyj0@addthis.com,22
Devin,ddadgej1@sciencedaily.com,24
Clarine,chlavacj2@baidu.com,58
Margalit,mmurneyj3@cnn.com,18
Thornie,tholdj4@istockphoto.com,36
Mirabelle,mwellingtonj5@mit.edu,24
Norene,nlimprechtj6@biglobe.ne.jp,16
Pascal,prevettj7@amazon.co.jp,30
Kellia,kdrynanj8@marketwatch.com,25
Ashely,abloysj9@posterous.com,28
Rodolphe,rsuffieldja@disqus.com,21
Staci,sbaughamjb@networkadvertising.org,16
Loella,lellitjc@house.gov,31
Melina,mfumagalljd@addtoany.com,33
Pearline,pallnuttje@nyu.edu,31
Kelila,kwylltjf@home.pl,13
Laurice,lwisonjg@sciencedaily.com,17
Gerick,gdibiagijh@google.ru,17
Heddie,hwinkworthji@cam.ac.uk,28
Duke,dniccollsjj@cisco.com,19
Evelina,ebrimilcombejk@bravesites.com,30
Cart,crobertsonjl@twitter.com,13
Marge,mpeermanjm@opensource.org,21
Ainsley,ajollissjn@edublogs.org,35
Hatty,hstarbuckjo@mashable.com,16
Nady,nmasureljp@bizjournals.com,30
Isa,iallibonjq@geocities.jp,15
Ilene,iwisbyjr@canalblog.com,14
Brent,bgiacobinijs@businessinsider.com,22
Margaux,myglesiajt@businessinsider.com,24
Beverlee,bwinfindaleju@house.gov,19
Vonni,vrodliffjv@mozilla.org,33
Jenelle,jjermanjw@noaa.gov,25
Cam,cyurlovjx@wordpress.org,29
Henrik,hskiplornejy@webeden.co.uk,34
Timoteo,tknowlingjz@aboutads.info,19
Miguelita,mbeetk0@mozilla.com,15
Evered,ekierank1@usatoday.com,25
Pattie,pslatork2@chron.com,17
Lind,lgeldefordk3@seattletimes.com,26
Jannel,jpennyk4@devhub.com,31
Julianne,jtolputtk5@columbia.edu,22
Wayne,wcasirolik6@amazon.co.uk,18
Eleonore,elawlyk7@baidu.com,13
Midge,morvissk8@gizmodo.com,25
Rossie,rputtnamk9@cnn.com,39
Josias,jwhibleyka@toplist.cz,26
Pattie,pfaradaykb@google.fr,29
Andris,acuestakc@columbia.edu,36
Celinda,cnormandkd@over-blog.com,18
Gratia,gtwopennyke@cyberchimps.com,19
Alvira,atozerkf@timesonline.co.uk,16
Norris,nmeekekg@shinystat.com,26
Helen-elizabeth,hlathayekh@google.co.uk,19
Zebadiah,zrobartski@ebay.com,36
Drusie,dpelcheurkj@businessinsider.com,23
Meghan,mkoopmankk@paypal.com,17
Filmer,fleathemkl@symantec.com,21
Mathias,mgronouskm@drupal.org,13
Callean,chaddickkn@bbc.co.uk,13
Tommie,tiacomiko@plala.or.jp,19
Lorelle,lbursnellkp@technorati.com,16
Caye,cbisikerkq@ft.com,25
Colas,cdabskr@timesonline.co.uk,16
Joanie,jhuytonks@walmart.com,20
Lucio,lbeechcraftkt@samsung.com,16
Dianemarie,dtuckermanku@paypal.com,15
Rosalind,rslemmingkv@friendfeed.com,13
Yurik,ylaxenkw@ox.ac.uk,18
Allin,araithbykx@jigsy.com,26
Tarra,toldfieldky@wikimedia.org,19
Linet,ldumingoskz@nbcnews.com,13
Arleta,amarteletl0@qq.com,22
Ania,ablindl1@msn.com,36
Waly,wfairel2@businessweek.com,18
Douglass,dmingauldl3@rediff.com,27
Abramo,aaldingtonl4@youtube.com,18
Wolfy,woclovanl5@bloglines.com,35
Tadeo,tmorphetl6@home.pl,29
Florian,fhassenl7@sogou.com,15
Abey,ajacobl8@pagesperso-orange.fr,30
Chevy,cboyfieldl9@nymag.com,14
Joanna,jhunstonla@elegantthemes.com,16
Marylou,moadeslb@alibaba.com,22
Corrie,cfaleylc@google.co.jp,37
Heinrik,hlysaghtld@github.com,40
Kamillah,krobberechtle@sitemeter.com,20
Nicki,nnadenlf@i2i.jp,12
Florella,fsysonlg@cnn.com,19
Elane,ebarkleylh@blog.com,16
Drucill,ddanielsli@guardian.co.uk,32
Robinetta,rdoaglj@devhub.com,23
Meggie,mtravisslk@ox.ac.uk,56
Yvette,ybackshawll@flickr.com,20
Bernie,bdespenserlm@reference.com,13
Babs,bmcdugalln@yolasite.com,23
Clifford,coxtibylo@reddit.com,26
Milty,mgrannelllp@jiathis.com,28
Lance,lgrosvenerlq@blogspot.com,19
Else,etomkisslr@privacy.gov.au,20
Vasilis,vmcpakels@over-blog.com,17
Sena,slandrieult@virginia.edu,15
Consuela,chughlu@jiathis.com,29
Wilburt,wviscolv@china.com.cn,25
Fransisco,ftrevethanlw@tuttocitta.it,21
Rogerio,rfrenzellx@deviantart.com,15
Miner,mortetly@de.vu,22
Korey,kmcgregorlz@vinaora.com,19
Natal,nhubbuckem0@biblegateway.com,14
Dino,dhymanm1@bizjournals.com,25
Annora,aharfletem2@pagesperso-orange.fr,29
Audrye,alingwoodm3@marriott.com,15
Kara,kkingtonm4@ovh.net,28
Dalia,dhuxleym5@nydailynews.com,19
Sally,scoundleym6@globo.com,13
Sheelah,sfiddymontm7@engadget.com,24
Debora,dmcdonaghm8@fotki.com,18
Marlo,mgalgeym9@npr.org,23
Aryn,aeskriggma@prweb.com,16
Prentice,pnewmb@dailymail.co.uk,23
Aurelea,amilkinmc@woothemes.com,37
Eryn,ejeaffresonmd@java.com,13
Ruthie,rcarthyme@harvard.edu,32
Brannon,bkortingmf@pcworld.com,41
Crysta,croanmg@newsvine.com,30
Rora,rrigglesfordmh@senate.gov,12
Christye,cpantonmi@about.me,13
Jake,jshuxsmithmj@msn.com,17
Gael,gdurkinmk@fda.gov,32
Jeralee,jpittendreighml@weather.com,20
Teddie,tkopischmm@sina.com.cn,15
Chaddie,cvasechkinmn@reference.com,33
Antony,aphillcockmo@blinklist.com,18
Kellen,kcarreckmp@istockphoto.com,14
Maridel,mspavonmq@lulu.com,26
Ailbert,abeneditemr@people.com.cn,20
Gabrielle,gnolims@usatoday.com,27
Juliann,jjindacekmt@nationalgeographic.com,27
Rudd,remmersonmu@yahoo.co.jp,33
Adriena,aearpemv@microsoft.com,29
Cassey,cshopcottmw@shinystat.com,16
Ruby,rperrinsmx@bluehost.com,15
Ferris,fromagnosimy@howstuffworks.com,22
Hewitt,hbrownmz@cyberchimps.com,39
Ogdan,olehriann0@wp.com,17
Gunther,gwalshamn1@bravesites.com,17
Sylvia,slangdalen2@unblog.fr,15
Cristina,chansberryn3@utexas.edu,17
Felita,fprinnettn4@free.fr,19
Katherine,kriachn5@stumbleupon.com,22
Malvin,mwillasn6@chronoengine.com,22
Nichole,nbasilottan7@hexun.com,27
Bridie,bhartn8@symantec.com,23
Burnaby,bpuddann9@bizjournals.com,37
Darsie,ddickersonna@vinaora.com,24
Andrew,ayaldennb@nbcnews.com,38
Udell,ukubelkanc@youku.com,26
Jasmina,jspantonnd@stumbleupon.com,14
Brewster,bwoodsonne@ucoz.com,14
Inga,ibonnettnf@t-online.de,31
Wilmer,wmitkcovng@wisc.edu,15
Teressa,tstrutenh@angelfire.com,48
Wade,wduggetni@nyu.edu,15
Nick,ncaslakenj@indiegogo.com,13
Darb,dlangdonnk@indiegogo.com,22
Gray,gschukertnl@skyrock.com,28
Roseanna,rkirvinnm@ebay.co.uk,32
Clary,cjedrzejewicznn@storify.com,34
Eugen,edogertyno@cnet.com,23
Conroy,cshortellnp@4shared.com,29
Tish,tvanininq@biblegateway.com,21
Ofilia,ojaneczeknr@phpbb.com,14
Norri,nfranciskiewiczns@sciencedaily.com,14
Brandon,bhassentnt@wikipedia.org,39
Jessika,jbinionnu@joomla.org,26
Rene,rfishpoolenv@vk.com,19
Gus,gsurmeyersnw@tinypic.com,32
Belita,bsiggeenx@virginia.edu,13
Minor,mtabramny@answers.com,22
Romona,rduffellnz@google.pl,18
Early,ebarrando0@i2i.jp,19
Rhianna,rhumbeeo1@alexa.com,14
Colette,cglassmano2@posterous.com,23
Amitie,ahiggoeo3@indiatimes.com,18
Boyd,bselleno4@imageshack.us,30
Leroy,lburlesso5@lycos.com,31
Arabelle,asticklando6@nih.gov,36
Adelind,ahowleyo7@prweb.com,18
Archer,aklimushevo8@t-online.de,33
Corilla,cdovingtono9@archive.org,24
Alexander,atuveyoa@over-blog.com,25
Cello,cbrownjohnob@tuttocitta.it,33
Doralynne,dmorriesonoc@ning.com,39
Alberto,abransomod@wikimedia.org,15
Garold,gsalomonoe@ucoz.ru,25
David,dlehemannof@sogou.com,14
Morgen,mcorzonog@purevolume.com,24
Ned,nduffettoh@prlog.org,29
Dino,dgayleoi@statcounter.com,19
Fidelio,fmcgovernoj@goo.gl,19
Leo,lmazellaok@nationalgeographic.com,28
Patricia,prewcastleol@yellowpages.com,39
Min,mcristoferiom@columbia.edu,19
Anni,abuckeon@reuters.com,16
Ardenia,aarbuckleoo@shinystat.com,23
Bennie,belverstonop@google.co.uk,24
Annamaria,awoodrooffeoq@java.com,15
Peg,ppuckinghorneor@chron.com,16
Minnaminnie,mgallacheros@imdb.com,14
Stuart,stomneyot@census.gov,42
Lois,lcharrettou@wired.com,58
Julietta,jhardbattleov@salon.com,17
Cinda,crookow@about.me,19
Eugen,eburkettox@cloudflare.com,27
Granville,gtibaltoy@statcounter.com,33
Willetta,wweinhamoz@merriam-webster.com,29
Evangelina,epiep0@chronoengine.com,16
Gavrielle,ggrunsonp1@shop-pro.jp,75
Rafaela,rstothartp2@creativecommons.org,18
Birgit,bboyetp3@miitbeian.gov.cn,19
Halette,hduguep4@yelp.com,31
Hildegarde,hduminip5@slashdot.org,27
Dorine,dmacguffiep6@dropbox.com,20
Seth,sbrinkmanp7@oracle.com,16
Lucretia,lsproatp8@google.com.au,22
Townsend,tstaversp9@redcross.org,56
Gabriellia,gkellickpa@goo.ne.jp,22
Candice,cshearapb@domainmarket.com,13
Quintina,qpiellpc@dagondesign.com,32
Alyss,acollingwoodpd@tuttocitta.it,27
Nellie,nentwistlepe@baidu.com,32
Elisha,ecoalespf@tripod.com,15
Ira,ianwellpg@163.com,23
Fawnia,fklementzph@cmu.edu,32
Dannel,dminchinpi@ucla.edu,31
Bendick,btrehearnpj@bbb.org,18
Nonnah,nalexsandrevpk@netvibes.com,24
Audra,aeschpl@usda.gov,14
Babs,bszymanskipm@digg.com,18
Nathaniel,nrumseypn@123-reg.co.uk,18
Bendix,bweddellpo@samsung.com,16
Hunt,hfielderspp@opensource.org,17
Feliza,fklusspq@home.pl,41
Tamar,twandreypr@123-reg.co.uk,18
Marena,mgainsburghps@hibu.com,27
Linus,lcumberlandpt@telegraph.co.uk,13
Chico,cmerrypu@nps.gov,26
Merrill,mcharlottepv@comcast.net,36
Lewie,ltrubshawpw@ow.ly,41
Bonni,bpauluspx@dell.com,26
Lorianne,lhillittpy@about.com,30
Genna,grickeardpz@liveinternet.ru,33
Astrix,areadshawq0@google.cn,18
Christy,csilbyq1@slideshare.net,20
Godwin,gklichq2@facebook.com,13
Dawna,dblankleyq3@earthlink.net,18
Germaine,gchallensq4@g.co,33
Rubi,rojedaq5@purevolume.com,14
Etan,elilfordq6@hubpages.com,56
Orelee,oclemettsq7@businessinsider.com,18
Alvie,aburlayq8@salon.com,30
Alfi,aramq9@scientificamerican.com,14
Zola,zrootsqa@sfgate.com,31
Florella,fleeqb@thetimes.co.uk,20
Gaile,gsnoxellqc@yellowbook.com,28
Marcello,miacovielliqd@multiply.com,37
Tannie,ttriponyqe@squidoo.com,22
Bastian,bstilemanqf@auda.org.au,21
Elizabeth,eclapsonqg@over-blog.com,12
Sybille,sshoppeeqh@hc360.com,24
Esther,ebodicamqi@sourceforge.net,15
Adam,acarlucciqj@plala.or.jp,33
Darb,dconnoldqk@mysql.com,21
Estele,echevisql@imdb.com,21
Bridie,bsangarqm@tumblr.com,33
Loretta,lbaskettqn@utexas.edu,50
Hobie,hswaingerqo@histats.com,18
Nikita,nrichemondqp@samsung.com,28
Theobald,tfeatherstonhaughqq@fc2.com,17
Gerry,gmcalindenqr@discovery.com,31
Yul,yproughtenqs@dyndns.org,36
Luis,lquickendenqt@list-manage.com,28
Nessi,njacobowitzqu@qq.com,28
Harp,hleethemqv@live.com,16
Delcine,dmattiazziqw@godaddy.com,32
Kora,khedditehqx@narod.ru,31
Pauly,pscudderqy@tumblr.com,40
Myrle,mmabbottqz@cbslocal.com,15
Cortney,cmcgauganr0@google.cn,14
Neda,ncouronner1@virginia.edu,32
Laurice,lclucasr2@miibeian.gov.cn,21
Travus,tdemogeotr3@mapy.cz,27
Ange,aaltir4@constantcontact.com,17
Kirbee,kmccallionr5@slideshare.net,18
Lynnet,lflockhartr6@buzzfeed.com,17
Jaclin,jridouttr7@themeforest.net,18
Stella,sbartalonir8@yellowpages.com,23
Ethel,esimonsenr9@gizmodo.com,34
Carleen,calcaldera@istockphoto.com,21
Thorvald,tjannawayrb@army.mil,32
Pascal,pwhatmanrc@miitbeian.gov.cn,24
Rozina,rholstonrd@csmonitor.com,36
Betti,bgoodludre@posterous.com,19
Che,clamploughrf@skype.com,24
Willis,whrusrg@friendfeed.com,22
April,abardwallrh@icio.us,23
Adler,akennerri@bandcamp.com,42
Codi,cdunhillrj@bbb.org,14
Nefen,noflanneryrk@columbia.edu,38
Janela,jgierhardrl@theglobeandmail.com,23
Lois,lgrundlerm@hhs.gov,33
Marrissa,mmephanrn@slate.com,18
Helenka,hmaccolero@ameblo.jp,19
Boniface,brosenboimrp@storify.com,33
Bonny,bdorrinsrq@merriam-webster.com,21
Gordon,gsackesrr@uol.com.br,28
